transaction_id,transaction_date,store_id,store_name,store_city,store_region,customer_id,first_name,email,customer_phone,loyalty_status,customer_since,product_id,product_name,product_category,unit_price,quantity,promotion_id,promotion_name,discount_percentage,total_price,discount_amount,final_amount,month,day_of_week,customer_tenure_days
T3302,,S11,HCL Mart Mumbai,Mumbai,West,C088,Vikram,vikram31@gmail.com,7895949284,Gold,2022-10-21,P380,Cushion Cover,Home Decor,299,1,,,0,299,0.0,299.0,2,6,492
T5161,2023-01-01 10:00:00,S16,HCL Mart Bangalore,Bangalore,South,C150,Ravi,ravi26@gmail.com,8394262988,Platinum,2024-01-01,P176,Hoodie,Apparel,1499,4,,,0,5996,0.0,5996.0,6,5,284
T2291,2024-06-27 15:07:40,S16,HCL Mart Kolkata,Kolkata,East,C126,Anil,anil20@gmail.com,8454893002,Bronze,2021-06-09,P323,Cooking Oil 1L,Grocery,180,-3,,,0,540,0.0,540.0,6,3,1114
T6003,2024-06-03 13:49:01,S10,HCL Mart Chandigarh,Chandigarh,North,C097,Vikram,vikram91_at_gmail.com,7346486252,Platinum,2021-04-08,P420,Rice Bag 5kg,Grocery,450,1,PR15,Anniversary Discount,22,450,99.0,351.0,6,0,1152
T2423,2024-07-01 00:07:51,S20,HCL Mart Ahmedabad,Ahmedabad,West,C137,Vikram,vikram50@gmail.com,8464534706,Silver,2021-06-01,P294,Wireless Mouse,Electronics,1200,-4,,,0,4800,0.0,4800.0,7,0,1126
T7167,2023-01-01 10:00:00,S08,HCL Mart Delhi,Delhi,North,C153,Vikram,vikram13@gmail.com,7747265381,Silver,2024-01-01,P436,Wall Clock,Home Decor,899,3,PR08,Diwali Special,15,2697,404.55,2292.45,11,1,526
T5364,2024-07-31 17:21:25,S17,HCL Mart Mumbai,Mumbai,West,C065,Aman,aman53@gmail.com,9921281663,Bronze,2024-02-26,,Power Bank,Electronics,1500,4,PR02,Apparel Fest,20,6000,1200.0,4800.0,7,2,156
T1578,2024-08-25 19:20:00,S13,HCL Mart Lucknow,Lucknow,North,C184,Anil,anil58@gmail.com,8919258472,Gold,2022-10-27,P449,iPhone Charger,Electronics,999,3,,,0,3220,0.0,2997.0,8,6,668
T3421,2023-10-28 16:37:19,S07,HCL Mart Hyderabad,Mumbai,North,C045,John,john59@gmail.com,9211332763,Platinum,2023-01-28,P202,Atta 5kg,Grocery,350,3,PR12,Spring Collection Launch,7,1050,73.5,976.5,10,5,273
T5779,2024-01-12 01:31:44,S14,HCL Mart Guwahati,Guwahati,East,C200,Ravi,ravi70@gmail.com,7837201264,Platinum,2023-06-07,P460,T-Shirt,Apparel,799,4,,,0,3529,0.0,3196.0,1,4,219
T5808,2024-05-04 00:00:00,S06,HCL Mart Guwahati,Guwahati,East,C054,John,john90@gmail.com,8776092335,Silver,2023-08-10,P207,Rice Bag 5kg,Grocery,-450,3,,,0,1350,0.0,1350.0,5,5,268
T6150,2024-06-15 11:01:17,S11,HCL Mart Guwahati,Guwahati,East,C170,Priya,priya66@gmail.com,7427419882,Gold,2022-08-30,P165,Cushion Cover,Home Decor,299,4,,,0,1329,0.0,1196.0,6,5,655
T3798,,S20,HCL Mart Chennai,Chennai,South,C060,Vikram,vikram51@gmail.com,7944750496,Gold,2024-02-03,P313,Sugar 1kg,Grocery,50,1,PR15,Anniversary Discount,22,50,11.0,39.0,10,1,241
T1859,2024-11-18 17:14:00,S08,HCL Mart Ahmedabad,Ahmedabad,West,C063,Ravi,ravi94_at_gmail.com,8347784529,Gold,2023-02-27,P428,iPhone Charger,Electronics,999,2,PR01,New Year Sale,10,1998,199.8,1798.2,11,0,630
T6694,2024-06-16 03:22:13,S11,HCL Mart Lucknow,Lucknow,North,C077,Sara,sara70_at_gmail.com,8980450228,Platinum,2023-05-20,P477,Hoodie,Apparel,1499,2,,,0,2998,0.0,2998.0,6,6,393
T4241,2023-01-01 10:00:00,S09,HCL Mart Lucknow,Lucknow,North,C045,Sita,sita58@gmail.com,9596353060,Bronze,2024-01-01,P199,Wall Clock,Home Decor,899,5,,,0,4495,0.0,4495.0,2,5,619
T6643,2024-12-22 08:24:28,S20,HCL Mart Chennai,Chennai,South,C130,Aman,aman79@gmail.com,7658666477,Bronze,2023-11-05,P433,Atta 5kg,Grocery,350,4,,,0,1653,0.0,1400.0,12,6,413
T1789,2023-01-21 21:16:00,S13,HCL Mart Kolkata,Kolkata,East,C018,Ravi,ravi97_at_gmail.com,8087206927,Silver,2022-04-26,P105,Cushion Cover,Home Decor,299,1,,,0,299,0.0,299.0,1,5,270
T2450,2024-04-22 18:23:37,S19,HCL Mart Delhi,Delhi,North,C045,Ravi,ravi98@gmail.com,9249952519,Platinum,2021-08-07,P282,Power Bank,Electronics,1500,2,,,0,3286,0.0,3000.0,4,0,989
T4572,,S11,HCL Mart Mumbai,Mumbai,West,C069,Ravi,ravi37@gmail.com,7659138030,Gold,2022-04-09,P408,Jeans,Apparel,1999,1,PR02,Apparel Fest,20,1999,399.8,1599.2,10,0,569
T4800,2023-02-15 15:35:27,S10,HCL Mart Kolkata,Kolkata,East,C066,Anil,anil56_at_gmail.com,7433745966,Platinum,2023-01-26,P467,Table Lamp,Home Decor,1200,4,,,0,4800,0.0,4800.0,2,2,20
T4645,2024-09-13 00:00:00,S05,HCL Mart Bangalore,Bangalore,South,C113,Priya,priya28@gmail.com,9905410132,Platinum,2024-02-07,P421,Wireless Mouse,Electronics,1200,-2,,,0,2400,0.0,2400.0,9,4,219
T2487,2023-06-04 18:06:01,S12,HCL Mart Bangalore,Bangalore,South,C152,Aman,aman34_at_gmail.com,7702280406,Platinum,2021-07-04,P319,USB-C Cable,Electronics,500,2,,,0,1000,0.0,1000.0,6,6,700
T4702,2023-01-01 09:19:30,S11,HCL Mart Bangalore,Bangalore,South,C200,John,john73@gmail.com,7084179362,Platinum,2022-03-05,P290,Cooking Oil 1L,Grocery,180,-3,,,0,540,0.0,540.0,1,6,302
T3066,2023-01-01 10:00:00,S12,HCL Mart Delhi,Delhi,North,C130,Sara,sara14@gmail.com,7094861641,Platinum,2024-01-01,P202,Atta 5kg,Grocery,350,1,PR09,Weekend Blast,5,350,17.5,332.5,9,1,776
T5815,2023-06-27 11:05:58,S10,HCL Mart Hyderabad,Mumbai,North,C194,Priya,priya33@gmail.com,8329825075,Silver,2022-10-14,P272,Power Bank,Electronics,1500,5,,,0,7500,0.0,7500.0,6,1,256
T3238,2023-12-10 19:01:35,S17,HCL Mart Lucknow,Lucknow,North,C085,John,john12@gmail.com,9830955217,Silver,2020-08-19,,Cooking Oil 1L,Grocery,180,1,,,0,180,0.0,180.0,12,6,1208
T4711,2023-09-22 04:12:29,S01,HCL Mart Ahmedabad,Ahmedabad,West,C108,Ravi,ravi55_at_gmail.com,9190282246,Bronze,2021-07-25,P165,Atta 5kg,Grocery,350,3,,,0,1050,0.0,1050.0,9,4,789
T5249,2023-01-01 10:00:00,S02,HCL Mart Hyderabad,Hyderabad,South,C107,Sara,sara59@gmail.com,9518214687,Gold,2024-01-01,P320,USB-C Cable,Electronics,500,4,,,0,2000,0.0,2000.0,3,4,194
T4238,2024-07-26 05:21:13,S03,HCL Mart Bhubaneswar,Bhubaneswar,East,C070,John,john76_at_gmail.com,9792097565,Bronze,2022-01-21,P351,Cushion Cover,Home Decor,299,1,,,0,299,0.0,299.0,7,4,917
T3138,2024-09-10 09:40:35,S13,HCL Mart Chennai,Chennai,South,,Sara,sara40@gmail.com,9037762549,Silver,2020-11-30,P343,Atta 5kg,Grocery,350,1,PR12,Spring Collection Launch,7,350,24.5,325.5,9,1,1380
T6720,2023-01-01 10:00:00,S15,HCL Mart Ahmedabad,Ahmedabad,West,C086,Sita,sita94@gmail.com,9856753125,Bronze,2024-01-01,P195,Wall Clock,Home Decor,899,4,,,0,3596,0.0,3596.0,12,2,999
T4491,2023-11-04 19:08:58,S04,HCL Mart Bhubaneswar,Mumbai,North,C152,Aman,aman34@gmail.com,7702280406,Platinum,2021-07-04,P327,Wireless Mouse,Electronics,1200,4,,,0,4800,0.0,4800.0,11,5,853
T4179,2024-04-18 14:49:43,S01,HCL Mart Lucknow,Lucknow,North,C118,John,john22@gmail.com,8096402459,Gold,2022-03-22,P192,T-Shirt,Apparel,799,1,,,0,-799,0.0,799.0,4,3,758
T5274,2023-12-22 14:24:25,S08,HCL Mart Mumbai,Mumbai,West,C077,Sara,sara70@gmail.com,8980450228,Platinum,2023-05-20,P336,Socks Pack,Apparel,399,-2,,,0,798,0.0,798.0,12,4,216
T1061,2024-05-05 18:08:00,S10,HCL Mart Ahmedabad,Ahmedabad,West,,Sita,sita55@gmail.com,7766772768,Silver,2022-03-05,P336,Socks Pack,Apparel,399,5,,,0,1995,0.0,1995.0,5,6,792
T4317,2023-03-16 04:15:39,S10,HCL Mart Bangalore,Bangalore,South,C163,Sita,sita72@gmail.com,7125382052,Platinum,2022-11-23,,USB-C Cable,Electronics,500,1,,,0,500,0.0,500.0,3,3,113
T4507,2024-09-10 07:54:26,S19,HCL Mart Guwahati,Guwahati,East,C163,Vikram,vikram55@gmail.com,7428447845,Gold,2022-02-04,P175,Rice Bag 5kg,Grocery,450,3,PR03,Electronics Bonanza,15,1533,202.5,1147.5,9,1,949
T4243,2023-09-17 23:27:04,S07,HCL Mart Bhubaneswar,Bhubaneswar,East,C115,Priya,priya10@gmail.com,9704539471,Platinum,2022-05-29,P481,Rice Bag 5kg,Grocery,-450,2,,,0,900,0.0,900.0,9,6,476
T3263,,S09,HCL Mart Lucknow,Lucknow,North,C027,Sita,sita18@gmail.com,8955304326,Gold,2022-06-11,P164,Cushion Cover,Home Decor,299,5,PR09,Weekend Blast,5,1495,74.75,1420.25,2,4,244
T5629,2024-12-26 13:09:03,S05,HCL Mart Ahmedabad,Ahmedabad,West,C055,John,john56_at_gmail.com,7226707338,Gold,2021-01-21,P330,Socks Pack,Apparel,399,4,,,0,1596,0.0,1596.0,12,3,1435
T7221,2023-10-20 11:31:16,S13,HCL Mart Chennai,Chennai,South,C138,Sita,sita53@gmail.com,7382956874,Bronze,2021-07-09,P254,Table Lamp,Home Decor,1200,3,,,0,3956,0.0,3600.0,10,4,833
T6139,2024-10-17 03:46:00,S06,HCL Mart Kolkata,Kolkata,East,,Aman,aman72@gmail.com,7828327756,Platinum,2023-12-06,P188,USB-C Cable,Electronics,500,3,,,0,1500,0.0,1500.0,10,3,316
,2024-02-22 20:16:33,S20,HCL Mart Lucknow,Lucknow,North,C131,Anil,anil43@gmail.com,7017314426,Gold,2023-01-01,P173,Power Bank,Electronics,1500,4,PR14,Mid-Week Treats,8,6000,480.0,5520.0,2,3,417
T5266,2024-02-12 21:40:32,S03,HCL Mart Mumbai,Mumbai,West,C167,Priya,priya67_at_gmail.com,9868756822,Platinum,2020-11-25,P294,Wireless Mouse,Electronics,1200,1,PR09,Weekend Blast,5,1200,60.0,1140.0,2,0,1174
T5126,2024-09-19 00:00:00,S16,HCL Mart Guwahati,Mumbai,North,C123,Ravi,ravi81@gmail.com,7478122447,Platinum,2023-10-12,P452,Power Bank,Electronics,1500,3,PR15,Anniversary Discount,22,4500,990.0,3510.0,9,3,343
T1397,2023-10-12 10:08:00,S08,HCL Mart Ahmedabad,Ahmedabad,West,C064,Sara,sara19@gmail.com,8195584084,Bronze,2021-03-12,P330,Socks Pack,Apparel,399,5,,,0,2401,0.0,1995.0,10,3,944
T1310,2023-01-01 10:00:00,S12,HCL Mart Kolkata,Kolkata,East,C029,Priya,priya82@gmail.com,9214844371,Silver,2024-01-01,P122,Jeans,Apparel,1999,2,,,0,3998,0.0,3998.0,2,6,283
T6547,2023-11-15 15:26:12,S13,HCL Mart Chandigarh,Chandigarh,North,C182,Vikram,vikram63_at_gmail.com,9995137810,Bronze,2023-10-09,P452,Rice Bag 5kg,Grocery,450,4,,,0,1800,0.0,1800.0,11,2,37
T4008,2023-01-01 10:00:00,S10,HCL Mart Chennai,Chennai,South,C190,Vikram,vikram15@gmail.com,9157532133,Gold,2024-01-01,P173,Power Bank,Electronics,1500,3,PR04,Flash Sale,5,4500,225.0,4275.0,12,6,724
T3565,2024-10-03 19:21:36,S02,HCL Mart Pune,Pune,West,C133,Aman,aman47@gmail.com,9002747762,Gold,2022-04-07,P222,Hoodie,Apparel,1499,5,,,0,7965,0.0,7495.0,10,3,910
T7157,2024-03-08 03:23:26,S20,HCL Mart Chandigarh,Chandigarh,North,C011,Aman,aman69@gmail.com,9215538213,Gold,2024-02-01,P496,Jeans,Apparel,1999,-1,,,0,1999,0.0,1999.0,3,4,36
T3116,2023-12-31 02:30:27,S15,HCL Mart Guwahati,Mumbai,North,C180,Sara,sara40@gmail.com,9037762549,Silver,2020-11-30,P391,Sugar 1kg,Grocery,50,1,PR02,Apparel Fest,20,50,10.0,40.0,12,6,1126
T3793,2023-05-20 17:48:44,S12,HCL Mart Mumbai,Mumbai,West,C095,Anil,anil68_at_gmail.com,7239265187,Silver,2021-08-23,P362,USB-C Cable,Electronics,500,1,PR13,End of Season Sale,40,500,200.0,300.0,5,5,635
T5151,2024-10-25 19:51:12,S04,HCL Mart Pune,Mumbai,North,C199,John,john15@gmail.com,9630749182,Gold,2021-12-10,P145,Rice Bag 5kg,Grocery,450,3,,,0,1350,0.0,1350.0,10,4,1050
T4311,2024-06-10 12:19:31,S17,HCL Mart Mumbai,Mumbai,North,C148,Sara,sara84@gmail.com,9262417286,Silver,2023-12-21,P385,Socks Pack,Apparel,399,4,,,0,1596,0.0,1596.0,6,0,172
T5704,2024-02-18 11:20:20,S02,HCL Mart Lucknow,Mumbai,North,C105,Sara,sara55@gmail.com,8275675629,Gold,2023-01-16,P381,iPhone Charger,Electronics,999,2,PR03,Electronics Bonanza,15,1998,299.7,1698.3,2,6,398
T7478,2023-10-12 19:49:08,S03,HCL Mart Ahmedabad,Ahmedabad,West,C092,Vikram,vikram52@gmail.com,8355504877,Platinum,2021-09-15,P119,iPhone Charger,Electronics,999,1,,,0,1469,0.0,999.0,10,3,757
T6244,2023-01-01 10:00:00,S08,HCL Mart Delhi,Delhi,North,C013,Sita,sita27@gmail.com,7769791490,Platinum,2024-01-01,P412,Sugar 1kg,Grocery,50,1,PR06,Back to School,10,50,5.0,45.0,10,2,236
T4055,2024-04-22 17:51:42,S07,HCL Mart Bhubaneswar,Bhubaneswar,East,C186,Sara,sara49@gmail.com,9944036378,Platinum,2023-08-30,P265,Rice Bag 5kg,Grocery,450,5,,,0,-2250,0.0,2250.0,4,0,236
T1056,2024-04-21 20:32:00,S01,HCL Mart Bangalore,Bangalore,South,C161,John,john98@gmail.com,8942769588,Platinum,2024-02-12,P447,Jeans,Apparel,1999,4,PR03,Electronics Bonanza,15,8150,1199.4,6796.6,4,6,69
T3444,2024-05-23 21:43:23,S15,HCL Mart Chandigarh,Chandigarh,North,C052,Sita,sita23_at_gmail.com,8797314277,Bronze,2021-04-17,P493,Wall Clock,Home Decor,899,5,PR05,Summer Clearance,25,4495,1123.75,3371.25,5,3,1132
T1270,2024-11-22 13:14:00,S01,HCL Mart Hyderabad,Hyderabad,South,C092,Sara,sara92@gmail.com,9065501786,Platinum,2023-05-31,P152,Rice Bag 5kg,Grocery,450,4,,,0,2198,0.0,1800.0,11,4,541
T2533,2024-02-05 00:00:00,S03,HCL Mart Chandigarh,Chandigarh,North,C200,Anil,anil82@gmail.com,7915653385,Bronze,2023-05-08,P321,Socks Pack,Apparel,399,-4,,,0,1596,0.0,1596.0,2,0,273
T3786,2023-01-01 10:00:00,S12,HCL Mart Chennai,Chennai,South,C041,Priya,priya79@gmail.com,8521439285,Platinum,2024-01-01,P160,Table Lamp,Home Decor,1200,1,,,0,1200,0.0,1200.0,8,1,48
T1803,2023-02-17 18:18:00,S10,HCL Mart Pune,Mumbai,North,C053,Vikram,vikram39@gmail.com,7671361335,Silver,2022-06-08,P147,Cooking Oil 1L,Grocery,180,2,,,0,360,0.0,360.0,2,4,254
T6312,2023-01-01 10:00:00,S12,HCL Mart Pune,Pune,West,C001,Priya,priya75@gmail.com,8573318335,Platinum,2024-01-01,P359,Cushion Cover,Home Decor,299,5,,,0,1495,0.0,1495.0,7,0,635
T3032,2024-04-21 15:03:29,S03,HCL Mart Delhi,Delhi,North,C135,John,john78@gmail.com,8467939483,Gold,2022-03-17,,Jeans,Apparel,1999,3,,,0,5997,0.0,5997.0,4,6,766
T2517,2024-12-24 05:20:44,S01,HCL Mart Lucknow,Mumbai,North,C145,Sara,sara30@gmail.com,9715360361,Silver,2022-04-13,P344,Cushion Cover,Home Decor,299,5,,,0,1495,0.0,1495.0,12,1,986
T4800,2023-02-15 15:35:27,S10,HCL Mart Kolkata,Kolkata,East,,Anil,anil56@gmail.com,7433745966,Platinum,2023-01-26,P467,Table Lamp,Home Decor,1200,4,,,0,4800,0.0,4800.0,2,2,20
T5772,2024-12-10 08:36:06,S19,HCL Mart Bhubaneswar,Bhubaneswar,East,C129,Anil,anil19@gmail.com,7657466464,Gold,2021-11-27,,Wall Clock,Home Decor,899,2,,,0,1798,0.0,1798.0,12,1,1109
T2257,2023-03-16 15:37:12,S12,HCL Mart Guwahati,Mumbai,North,C034,Sara,sara24@gmail.com,7969105445,Silver,2022-03-21,P188,Jeans,Apparel,1999,3,,,0,5997,0.0,5997.0,3,3,360
T4546,2024-03-04 16:55:53,S18,HCL Mart Kolkata,Mumbai,North,C111,Vikram,vikram53@gmail.com,8878192691,Platinum,2020-07-17,P437,Atta 5kg,Grocery,350,5,,,0,1750,0.0,1750.0,3,0,1326
T1806,2024-06-17 13:57:00,S08,HCL Mart Kolkata,Kolkata,East,C177,Ravi,ravi81_at_gmail.com,7045233000,Platinum,2022-10-02,P241,USB-C Cable,Electronics,500,4,,,0,2000,0.0,2000.0,6,0,624
T2812,2023-11-23 19:51:24,S08,HCL Mart Ahmedabad,Mumbai,North,C092,Anil,anil84@gmail.com,8771590855,Gold,2021-07-04,P476,Cooking Oil 1L,Grocery,180,3,,,0,540,0.0,540.0,11,3,872
T7446,2023-01-01 10:00:00,S10,HCL Mart Delhi,Delhi,North,C033,Vikram,vikram31@gmail.com,8612516561,Platinum,2024-01-01,P312,Table Lamp,Home Decor,1200,2,PR04,Flash Sale,5,2400,120.0,2280.0,9,3,762
T7240,,S20,HCL Mart Hyderabad,Hyderabad,South,C035,Vikram,vikram19@gmail.com,8107560006,Silver,2024-02-25,P455,Table Lamp,Home Decor,1200,4,,,0,4800,0.0,4800.0,3,3,18
T2714,,S17,HCL Mart Bangalore,Bangalore,South,C036,Aman,aman25@gmail.com,8439374665,Gold,2022-05-18,P448,Jeans,Apparel,1999,3,PR12,Spring Collection Launch,7,5997,419.79,5577.21,8,4,457
T6660,2023-08-10 19:30:10,S01,HCL Mart Chennai,Mumbai,North,C017,John,john79@gmail.com,8038265490,Gold,2022-11-22,P444,iPhone Charger,Electronics,999,5,,,0,4995,0.0,4995.0,8,3,261
T5454,2024-06-26 23:39:57,S02,HCL Mart Ahmedabad,Mumbai,North,C119,Ravi,ravi94@gmail.com,7718356224,Silver,2021-09-17,P114,Wall Clock,Home Decor,899,4,,,0,3596,0.0,3596.0,6,2,1013
T7016,2024-03-31 19:45:08,S09,HCL Mart Bangalore,Bangalore,South,C181,Vikram,vikram69_at_gmail.com,8410061311,Platinum,2021-11-04,P433,T-Shirt,Apparel,799,1,,,0,799,0.0,799.0,3,6,878
,2024-10-28 00:00:00,S02,HCL Mart Chennai,Chennai,South,C161,John,john98@gmail.com,8942769588,Platinum,2024-02-12,P213,Wireless Mouse,Electronics,1200,2,PR14,Mid-Week Treats,8,2400,192.0,2208.0,10,0,259
T2046,,S16,HCL Mart Ahmedabad,Ahmedabad,West,C031,Ravi,ravi98@gmail.com,7757754064,Bronze,2023-04-07,P490,Power Bank,Electronics,1500,3,,,0,4500,0.0,4500.0,8,3,146
T2642,2023-01-01 10:00:00,S07,HCL Mart Chandigarh,Chandigarh,North,C175,Priya,priya23@gmail.com,7244038030,Gold,2024-01-01,P266,Cooking Oil 1L,Grocery,180,1,PR14,Mid-Week Treats,8,180,14.4,165.6,9,3,696
T5935,2024-11-12 00:00:00,S19,HCL Mart Mumbai,Mumbai,West,C055,Priya,priya61@gmail.com,7139400769,Bronze,2024-07-13,P360,Atta 5kg,Grocery,350,3,,,0,1375,0.0,1050.0,11,1,122
T4470,2024-10-28 09:35:26,S14,HCL Mart Chandigarh,Chandigarh,North,,Ravi,ravi54@gmail.com,7022032969,Silver,2021-10-24,P330,iPhone Charger,Electronics,999,4,,,0,3996,0.0,3996.0,10,0,1100
T1636,2023-02-03 17:54:00,S03,HCL Mart Bhubaneswar,Bhubaneswar,East,C160,Priya,priya17_at_gmail.com,8599942170,Gold,2021-01-09,P199,Wall Clock,Home Decor,899,4,,,0,3596,0.0,3596.0,2,4,755
T6970,2024-06-21 03:31:58,S20,HCL Mart Delhi,Delhi,North,C096,Vikram,vikram76@gmail.com,8846172386,Gold,2023-02-10,P115,Cushion Cover,Home Decor,299,5,,,0,1759,0.0,1495.0,6,4,497
T5800,2024-04-23 00:00:00,S07,HCL Mart Guwahati,Guwahati,East,C153,John,john37@gmail.com,8088464661,Silver,2023-09-18,P485,Hoodie,Apparel,1499,5,,,0,7601,0.0,7495.0,4,1,218
T4226,2024-04-04 03:57:43,S12,HCL Mart Mumbai,Mumbai,North,C012,Sita,sita28@gmail.com,8070055604,Gold,2023-07-18,P419,Sugar 1kg,Grocery,50,2,,,0,100,0.0,100.0,4,3,261
T6039,2023-11-19 13:33:46,S19,HCL Mart Hyderabad,Hyderabad,South,,John,john41@gmail.com,9039287678,Silver,2021-10-18,P240,T-Shirt,Apparel,799,5,,,0,3995,0.0,3995.0,11,6,762
T1731,2024-11-26 15:21:00,S04,HCL Mart Pune,Mumbai,North,C037,John,john38@gmail.com,8038808825,Bronze,2024-07-06,P344,T-Shirt,Apparel,799,2,,,0,1598,0.0,1598.0,11,1,143
T1847,2023-03-27 20:24:00,S17,HCL Mart Guwahati,Guwahati,East,,Aman,aman40@gmail.com,9240045094,Bronze,2022-05-24,P176,Wall Clock,Home Decor,899,1,,,0,899,0.0,899.0,3,0,307
T7441,2023-08-20 08:17:12,S05,HCL Mart Kolkata,Kolkata,East,,John,john96@gmail.com,8105220576,Platinum,2023-06-10,P445,Power Bank,Electronics,1500,1,,,0,1500,0.0,1500.0,8,6,71
,2024-02-04 07:42:11,S06,HCL Mart Ahmedabad,Ahmedabad,West,C035,Ravi,ravi45@gmail.com,7270670545,Platinum,2022-10-25,P209,Socks Pack,Apparel,399,5,,,0,1995,0.0,1995.0,2,6,467
T5411,2023-05-09 04:35:01,S12,HCL Mart Guwahati,Guwahati,East,C068,Ravi,ravi62@gmail.com,8352219421,Platinum,2022-06-22,P392,Atta 5kg,Grocery,350,2,,,0,1075,0.0,700.0,5,1,321
T2898,2023-10-16 23:44:31,S01,HCL Mart Lucknow,Lucknow,North,C105,Sita,sita85_at_gmail.com,8802268368,Platinum,2021-01-20,P331,T-Shirt,Apparel,799,3,PR08,Diwali Special,15,2397,359.55,2037.45,10,0,999
T3756,2023-12-08 17:27:56,S07,HCL Mart Guwahati,Guwahati,East,,Aman,aman26@gmail.com,8965650706,Silver,2022-09-21,P301,Socks Pack,Apparel,399,1,,,0,399,0.0,399.0,12,4,443
T5969,2023-01-01 10:00:00,S17,HCL Mart Delhi,Delhi,North,C180,Ravi,ravi37@gmail.com,8195409315,Silver,2024-01-01,P462,Atta 5kg,Grocery,350,1,,,0,350,0.0,350.0,8,2,284
T3173,2024-02-05 11:42:54,S07,HCL Mart Pune,Pune,West,C076,Priya,priya61_at_gmail.com,8047416481,Silver,2020-10-22,P464,Rice Bag 5kg,Grocery,450,4,,,0,1800,0.0,1800.0,2,0,1201
T5237,,S10,HCL Mart Guwahati,Guwahati,East,C108,Ravi,ravi43@gmail.com,9275105728,Platinum,2021-11-26,P152,Rice Bag 5kg,Grocery,450,4,,,0,1800,0.0,1800.0,5,4,546
,2024-03-01 20:35:00,S14,HCL Mart Ahmedabad,Ahmedabad,West,C148,Ravi,ravi18@gmail.com,7083495394,Platinum,2022-03-10,P467,Cushion Cover,Home Decor,299,3,,,0,897,0.0,897.0,3,4,722
T3059,2024-09-19 15:14:06,S05,HCL Mart Kolkata,Mumbai,North,C043,Sara,sara57@gmail.com,9255402607,Silver,2022-05-26,P344,Cushion Cover,Home Decor,299,2,PR02,Apparel Fest,20,598,119.6,478.4,9,3,847
T6098,2024-08-13 10:33:31,S08,HCL Mart Lucknow,Lucknow,North,C053,Vikram,vikram39_at_gmail.com,7671361335,Silver,2022-06-08,P268,Cooking Oil 1L,Grocery,180,3,PR15,Anniversary Discount,22,540,118.8,421.2,8,1,797
,2024-05-19 00:00:00,S02,HCL Mart Lucknow,Lucknow,North,C108,Vikram,vikram72@gmail.com,9403849966,Platinum,2023-06-25,P244,Cooking Oil 1L,Grocery,180,3,,,0,540,0.0,540.0,5,6,329
T2816,2024-11-19 00:00:00,S06,HCL Mart Ahmedabad,Ahmedabad,West,C037,John,john38_at_gmail.com,8038808825,Bronze,2024-07-06,P297,Rice Bag 5kg,Grocery,450,2,,,0,900,0.0,900.0,11,1,136
T1281,2024-11-10 12:07:00,S16,HCL Mart Chandigarh,Chandigarh,North,C171,Aman,aman72@gmail.com,7828327756,Platinum,2023-12-06,P428,Cooking Oil 1L,Grocery,180,3,,,0,681,0.0,540.0,11,6,340
T3219,2024-06-23 09:09:50,S15,HCL Mart Guwahati,Mumbai,North,C152,Sita,sita38@gmail.com,7797229145,Gold,2023-10-25,P285,Atta 5kg,Grocery,350,3,,,0,1050,0.0,1050.0,6,6,242
T2824,2024-08-17 10:36:35,S01,HCL Mart Lucknow,Lucknow,North,C057,Anil,anil76@gmail.com,7845612116,Gold,2024-03-05,P455,Table Lamp,Home Decor,1200,1,,,0,1420,0.0,1200.0,8,5,165
T3707,2023-01-01 10:00:00,S04,HCL Mart Delhi,Delhi,North,C094,Ravi,ravi17@gmail.com,7393868576,Platinum,2024-01-01,P219,Hoodie,Apparel,1499,4,,,0,5996,0.0,5996.0,12,1,993
T6848,2023-01-01 10:00:00,S17,HCL Mart Mumbai,Mumbai,West,C023,John,john45@gmail.com,7281236841,Bronze,2024-01-01,P358,Jeans,Apparel,1999,1,PR14,Mid-Week Treats,8,1999,159.92,1839.08,7,5,751
T7053,,S14,HCL Mart Delhi,Delhi,North,C032,Priya,priya70@gmail.com,7270980273,Gold,2020-11-17,P286,Hoodie,Apparel,1499,5,,,0,7495,0.0,7495.0,5,0,902
T1345,2024-02-27 13:09:00,S12,HCL Mart Bangalore,Mumbai,North,C184,John,john66@gmail.com,8067822020,Bronze,2021-09-18,P458,Table Lamp,Home Decor,1200,4,,,0,4800,0.0,4800.0,2,1,892
T5903,2023-04-15 08:22:15,S13,HCL Mart Bangalore,Mumbai,North,C081,Ravi,ravi22@gmail.com,8027094019,Gold,2022-05-25,P114,Rice Bag 5kg,Grocery,450,5,,,0,2250,0.0,2250.0,4,5,325
T2430,2023-12-26 14:50:49,S04,HCL Mart Hyderabad,Mumbai,North,C154,Ravi,ravi79@gmail.com,8045386748,Bronze,2022-04-04,P499,USB-C Cable,Electronics,500,5,,,0,2500,0.0,2500.0,12,1,631
T2142,2023-01-01 10:00:00,S05,HCL Mart Pune,Pune,West,C144,Sita,sita22@gmail.com,8679487337,Silver,2024-01-01,P290,Atta 5kg,Grocery,350,5,,,0,1750,0.0,1750.0,3,2,733
T4755,2024-07-22 09:45:43,S17,HCL Mart Chennai,Chennai,South,C147,Anil,anil93@gmail.com,9900141678,Platinum,2021-05-07,P329,Cushion Cover,Home Decor,299,2,,,0,998,0.0,598.0,7,0,1172
T5705,2024-08-04 00:00:00,S18,HCL Mart Bangalore,Mumbai,North,C032,Anil,anil96@gmail.com,8076069159,Platinum,2023-08-21,P209,Rice Bag 5kg,Grocery,450,1,,,0,450,0.0,450.0,8,6,349
T3048,2023-04-26 02:48:37,S03,HCL Mart Chandigarh,Chandigarh,North,C193,Sara,sara18@gmail.com,8121311636,Bronze,2022-01-01,P398,iPhone Charger,Electronics,999,2,PR15,Anniversary Discount,22,2121,439.56,1558.44,4,2,480
T1771,2023-11-06 15:41:00,S02,HCL Mart Chennai,Chennai,South,C122,Anil,anil43_at_gmail.com,7161877074,Silver,2023-05-15,P266,Socks Pack,Apparel,399,2,PR02,Apparel Fest,20,798,159.6,638.4,11,0,175
T7294,2023-01-01 10:00:00,S05,HCL Mart Lucknow,Lucknow,North,C078,Vikram,vikram26@gmail.com,7127663587,Gold,2024-01-01,P231,Table Lamp,Home Decor,1200,3,,,0,3600,0.0,3600.0,2,5,91
T3310,2023-01-01 10:00:00,S12,HCL Mart Pune,Pune,West,C021,Sara,sara78@gmail.com,8175378919,Silver,2024-01-01,P178,Power Bank,Electronics,1500,4,,,0,6000,0.0,6000.0,8,0,275
T2158,,S18,HCL Mart Chandigarh,Chandigarh,North,C064,Sita,sita38@gmail.com,8780608113,Platinum,2022-09-05,P404,Power Bank,Electronics,1500,1,PR09,Weekend Blast,5,1500,75.0,1425.0,4,3,598
T6710,2023-01-01 10:00:00,S04,HCL Mart Delhi,Delhi,North,C056,Vikram,vikram95@gmail.com,9998636603,Silver,2024-01-01,P119,iPhone Charger,Electronics,999,5,,,0,4995,0.0,4995.0,7,1,175
T1240,2023-07-24 11:00:00,S08,HCL Mart Bhubaneswar,Mumbai,North,C147,Sara,sara50@gmail.com,8018403497,Gold,2023-02-10,P476,Sugar 1kg,Grocery,50,3,,,0,150,0.0,150.0,7,0,164
T2587,2023-07-01 01:04:47,S11,HCL Mart Bhubaneswar,Bhubaneswar,East,C003,Vikram,vikram57@gmail.com,7562966992,Silver,2021-09-04,P129,Jeans,Apparel,1999,2,PR15,Anniversary Discount,22,-3998,879.56,3118.44,7,5,665
T7207,2023-01-01 10:00:00,S10,HCL Mart Delhi,Delhi,North,C100,Sita,sita29@gmail.com,8922436442,Bronze,2024-01-01,P324,T-Shirt,Apparel,799,1,,,0,799,0.0,799.0,7,3,189
,2023-07-12 03:44:21,S20,HCL Mart Lucknow,Lucknow,North,C166,Aman,aman71@gmail.com,9594570329,Bronze,2021-09-30,P437,Atta 5kg,Grocery,350,1,,,0,350,0.0,350.0,7,2,650
T6739,2023-10-23 12:33:18,S19,HCL Mart Mumbai,Mumbai,West,C086,Sita,sita16@gmail.com,7740723974,Silver,2022-11-12,P213,Cushion Cover,Home Decor,299,4,,,0,1524,0.0,1196.0,10,0,345
T5329,2024-06-19 22:39:15,S05,HCL Mart Chandigarh,Chandigarh,North,C106,John,john39_at_gmail.com,9868476977,Gold,2022-12-19,P384,Table Lamp,Home Decor,1200,4,PR10,Member Exclusive,12,4800,576.0,4224.0,6,2,548
T6815,2023-01-01 10:00:00,S05,HCL Mart Chandigarh,Chandigarh,North,C188,Priya,priya28@gmail.com,8338629312,Silver,2024-01-01,P325,Table Lamp,Home Decor,1200,5,PR01,New Year Sale,10,6000,600.0,5400.0,12,5,706
T2332,2024-07-26 23:52:41,S02,HCL Mart Bangalore,Bangalore,South,C157,Sara,sara92@gmail.com,9358024665,Gold,2023-02-19,P266,iPhone Charger,Electronics,999,2,,,0,2285,0.0,1998.0,7,4,523
T5865,2024-05-16 08:34:33,S17,HCL Mart Lucknow,Lucknow,North,C104,Sara,sara27@gmail.com,7115421645,Gold,2020-11-27,P357,Power Bank,Electronics,1500,5,PR01,New Year Sale,10,-7500,750.0,6750.0,5,3,1266
T4702,2023-01-01 09:19:30,S11,HCL Mart Bangalore,Mumbai,North,C200,John,john73@gmail.com,7084179362,Platinum,2022-03-05,P290,Cooking Oil 1L,Grocery,180,3,,,0,540,0.0,540.0,1,6,302
T2905,2023-01-01 10:00:00,S14,HCL Mart Pune,Pune,West,C079,Sita,sita38@gmail.com,8062139102,Platinum,2024-01-01,P321,Sugar 1kg,Grocery,50,3,PR11,Holiday Joy,18,150,27.0,123.0,9,6,88
T3177,,S19,HCL Mart Guwahati,Guwahati,East,C177,Sara,sara11@gmail.com,8262200184,Platinum,2022-01-15,P306,T-Shirt,Apparel,799,2,,,0,1598,0.0,1598.0,6,6,876
T3774,2024-03-09 20:31:10,S11,HCL Mart Kolkata,Mumbai,North,C054,Vikram,vikram63@gmail.com,7138485822,Gold,2023-03-01,P163,USB-C Cable,Electronics,500,4,,,0,2000,0.0,2000.0,3,5,374
T7447,2023-02-25 04:19:10,S06,HCL Mart Bangalore,Bangalore,South,C070,Anil,anil55@gmail.com,9325759046,Gold,2021-07-17,P298,Sugar 1kg,Grocery,50,5,,,0,734,0.0,250.0,2,5,588
T6400,2023-06-14 11:07:52,S11,HCL Mart Lucknow,Mumbai,North,C022,John,john53@gmail.com,9773685080,Platinum,2022-10-07,P460,iPhone Charger,Electronics,999,1,,,0,999,0.0,999.0,6,2,250
T6985,2023-01-01 10:00:00,S12,HCL Mart Lucknow,Lucknow,North,C114,Anil,anil56@gmail.com,8774197048,Silver,2024-01-01,P337,T-Shirt,Apparel,799,2,PR15,Anniversary Discount,22,1598,351.56,1246.44,7,3,336
T4702,2023-01-01 09:19:30,S11,HCL Mart Bangalore,Bangalore,South,C200,John,john73_at_gmail.com,7084179362,Platinum,2022-03-05,P290,Cooking Oil 1L,Grocery,180,3,,,0,540,0.0,540.0,1,6,302
T2821,2023-06-22 23:38:04,S19,HCL Mart Guwahati,Guwahati,East,C114,Anil,anil56@gmail.com,8774197048,Silver,2022-08-25,P432,USB-C Cable,Electronics,500,2,,,0,-1000,0.0,1000.0,6,3,301
T5195,,S13,HCL Mart Bhubaneswar,Bhubaneswar,East,C188,Priya,priya72@gmail.com,9023659609,Platinum,2022-03-11,P467,Table Lamp,Home Decor,1200,5,PR02,Apparel Fest,20,6000,1200.0,4800.0,11,6,618
T3146,2024-02-01 03:23:02,S08,HCL Mart Delhi,Mumbai,North,C127,Vikram,vikram95@gmail.com,7085819074,Gold,2021-04-02,P137,Wireless Mouse,Electronics,1200,4,,,0,4800,0.0,4800.0,2,3,1035
T5618,2023-12-04 03:40:04,S14,HCL Mart Chandigarh,Chandigarh,North,C112,John,john12@gmail.com,7095858123,Platinum,2021-09-08,,Jeans,Apparel,1999,5,PR03,Electronics Bonanza,15,9995,1499.25,8495.75,12,0,817
T2607,2023-06-02 00:00:00,S07,HCL Mart Bhubaneswar,Bhubaneswar,East,C045,Priya,priya54@gmail.com,7492457426,Bronze,2023-04-20,P269,Cushion Cover,Home Decor,299,4,,,0,-1196,0.0,1196.0,6,4,43
T4484,2024-03-12 23:52:52,S02,HCL Mart Ahmedabad,Ahmedabad,West,C118,John,john45@gmail.com,7740391345,Silver,2021-09-09,P427,Rice Bag 5kg,Grocery,450,3,,,0,1543,0.0,1350.0,3,1,915
T6842,2023-04-13 02:29:57,S04,HCL Mart Lucknow,Lucknow,North,,Ravi,ravi54@gmail.com,7022032969,Silver,2021-10-24,P297,USB-C Cable,Electronics,500,1,,,0,500,0.0,500.0,4,3,536
T3393,2024-10-05 10:06:07,S04,HCL Mart Lucknow,Mumbai,North,C135,John,john78@gmail.com,8467939483,Gold,2022-03-17,P388,Atta 5kg,Grocery,350,3,,,0,1050,0.0,1050.0,10,5,933
T6088,2024-01-26 15:27:01,S02,HCL Mart Guwahati,Mumbai,North,C049,Priya,priya36@gmail.com,9655914591,Platinum,2022-03-19,P356,iPhone Charger,Electronics,999,2,PR11,Holiday Joy,18,1998,359.64,1638.36,1,4,678
,2023-01-23 16:17:00,S12,HCL Mart Chandigarh,Chandigarh,North,C073,Priya,priya67@gmail.com,8697676378,Silver,2022-07-10,P307,Wall Clock,Home Decor,899,5,,,0,4495,0.0,4495.0,1,0,197
T4273,,S17,HCL Mart Ahmedabad,Ahmedabad,West,C004,Ravi,ravi38@gmail.com,9963331611,Bronze,2023-04-12,P395,Power Bank,Electronics,1500,1,,,0,1500,0.0,1500.0,2,5,297
T1523,2023-11-03 14:07:00,S07,HCL Mart Bhubaneswar,Bhubaneswar,East,C064,Sita,sita91@gmail.com,8341131100,Bronze,2023-05-08,P417,Table Lamp,Home Decor,1200,4,,,0,-4800,0.0,4800.0,11,4,179
T7045,2023-02-14 06:30:12,S11,HCL Mart Guwahati,Guwahati,East,C065,Vikram,vikram80@gmail.com,9838701779,Platinum,2022-08-09,P146,iPhone Charger,Electronics,999,-4,,,0,3996,0.0,3996.0,2,1,189
T2947,2024-06-11 07:13:03,S10,HCL Mart Hyderabad,Hyderabad,South,C019,Sara,sara71@gmail.com,9899018290,Bronze,2020-12-10,P286,iPhone Charger,Electronics,999,2,PR07,Black Friday,30,2478,599.4,1398.6,6,1,1279
T7115,2024-07-12 00:00:00,S11,HCL Mart Bangalore,Bangalore,South,C151,Aman,aman79@gmail.com,8427952617,Bronze,2023-09-06,P388,Hoodie,Apparel,1499,5,,,0,7971,0.0,7495.0,7,4,310
T7308,2023-01-01 10:00:00,S20,HCL Mart Bangalore,Bangalore,South,C060,Sita,sita80@gmail.com,9650079844,Silver,2024-01-01,P287,USB-C Cable,Electronics,500,3,,,0,1500,0.0,1500.0,9,0,699
,2024-09-18 02:01:42,S01,HCL Mart Lucknow,Lucknow,North,C143,John,john96@gmail.com,9654891903,Silver,2023-04-21,P223,Cooking Oil 1L,Grocery,180,1,,,0,180,0.0,180.0,9,2,516
T3353,2023-07-22 16:05:56,S08,HCL Mart Pune,Pune,West,,John,john36@gmail.com,8035931273,Silver,2022-03-19,P423,Jeans,Apparel,1999,5,,,0,9995,0.0,9995.0,7,5,490
T1392,,S13,HCL Mart Hyderabad,Hyderabad,South,C171,Sita,sita22@gmail.com,7911395007,Gold,2021-06-20,P112,Hoodie,Apparel,1499,4,PR01,New Year Sale,10,5996,599.6,5396.4,8,4,775
T6896,2023-01-01 10:00:00,S06,HCL Mart Delhi,Delhi,North,C063,Sita,sita71@gmail.com,8709599763,Silver,2024-01-01,P223,Cooking Oil 1L,Grocery,180,5,,,0,900,0.0,900.0,1,0,464
T1163,2023-07-10 10:29:00,S10,HCL Mart Chandigarh,Chandigarh,North,C147,John,john77@gmail.com,8402193551,Bronze,2022-10-07,P432,Socks Pack,Apparel,399,4,PR04,Flash Sale,5,1957,79.8,1516.2,7,0,276
T2397,2023-06-24 01:56:34,S19,HCL Mart Bhubaneswar,Bhubaneswar,East,C092,Ravi,ravi50_at_gmail.com,7082580139,Bronze,2021-12-09,P467,Socks Pack,Apparel,399,4,,,0,1596,0.0,1596.0,6,5,562
T2727,2024-09-15 00:00:00,S07,HCL Mart Guwahati,Mumbai,North,C161,Priya,priya61@gmail.com,8575248055,Platinum,2024-02-12,P163,Cushion Cover,Home Decor,299,1,PR11,Holiday Joy,18,299,53.82,245.18,9,6,216
T6895,2023-04-27 22:03:06,S07,HCL Mart Bangalore,Bangalore,South,C022,John,john53@gmail.com,9773685080,Platinum,2022-10-07,P202,Sugar 1kg,Grocery,50,3,PR06,Back to School,10,-150,15.0,135.0,4,3,202
T6362,2024-09-24 17:26:27,S09,HCL Mart Chandigarh,Chandigarh,North,C120,Vikram,vikram43@gmail.com,8318480537,Silver,2022-12-17,P259,Wireless Mouse,Electronics,1200,3,PR01,New Year Sale,10,3780,360.0,3240.0,9,1,647
T5781,2024-03-07 03:15:44,S09,HCL Mart Bangalore,Bangalore,South,C092,Ravi,ravi50@gmail.com,7082580139,Bronze,2021-12-09,P493,Power Bank,Electronics,1500,3,,,0,4998,0.0,4500.0,3,3,819
T1471,,S05,HCL Mart Ahmedabad,Ahmedabad,West,C073,Sara,sara64@gmail.com,9684873812,Bronze,2022-09-17,P424,Jeans,Apparel,1999,3,,,0,5997,0.0,5997.0,4,4,223
T1485,2024-08-06 18:09:00,S09,HCL Mart Hyderabad,Hyderabad,South,C058,John,john75@gmail.com,7062795617,Silver,2024-05-05,,iPhone Charger,Electronics,999,2,PR02,Apparel Fest,20,1998,399.6,1598.4,8,1,93
T1746,2023-01-21 15:42:00,S12,HCL Mart Chandigarh,Mumbai,North,C063,Aman,aman16@gmail.com,9062351377,Gold,2021-05-06,P136,Jeans,Apparel,1999,3,,,0,5997,0.0,5997.0,1,5,625
T2173,2024-01-21 03:06:03,S15,HCL Mart Guwahati,Guwahati,East,C170,Priya,priya91@gmail.com,9750936563,Bronze,2022-02-28,P360,iPhone Charger,Electronics,999,1,PR01,New Year Sale,10,1181,99.9,899.1,1,6,692
T6579,2023-01-01 10:00:00,S18,HCL Mart Chandigarh,Chandigarh,North,C019,Vikram,vikram25@gmail.com,7534058619,Platinum,2024-01-01,P373,Rice Bag 5kg,Grocery,450,5,,,0,2250,0.0,2250.0,2,5,416
T7434,2024-09-16 11:10:00,S20,HCL Mart Lucknow,Mumbai,North,C077,Sita,sita57@gmail.com,9392738611,Silver,2022-02-28,P215,Rice Bag 5kg,Grocery,450,5,PR13,End of Season Sale,40,2250,900.0,1350.0,9,0,931
T1423,2024-04-12 17:29:00,S16,HCL Mart Bangalore,Mumbai,North,C169,Sita,sita87@gmail.com,8408836025,Platinum,2023-02-22,P104,USB-C Cable,Electronics,500,3,PR01,New Year Sale,10,1500,150.0,1350.0,4,4,415
T5907,2023-01-15 02:16:08,S07,HCL Mart Mumbai,Mumbai,West,C070,Vikram,vikram36@gmail.com,9415511909,Silver,2022-01-15,P161,iPhone Charger,Electronics,999,-3,,,0,2997,0.0,2997.0,1,6,365
T5982,2023-03-01 10:14:17,S12,HCL Mart Delhi,Delhi,North,C061,Aman,aman32_at_gmail.com,7469271742,Silver,2021-08-29,P497,Power Bank,Electronics,1500,5,,,0,7500,0.0,7500.0,3,2,549
T1125,,S03,HCL Mart Bangalore,Bangalore,South,C072,Aman,aman35@gmail.com,8211099925,Silver,2024-02-13,P195,Cushion Cover,Home Decor,299,4,,,0,1196,0.0,1196.0,10,6,243
T7019,2023-12-26 04:49:07,S10,HCL Mart Pune,Pune,West,C186,Sara,sara40@gmail.com,9273396374,Platinum,2022-06-21,P385,Atta 5kg,Grocery,350,-5,,,0,1750,0.0,1750.0,12,1,553
T6544,2023-08-10 21:55:51,S15,HCL Mart Bhubaneswar,Bhubaneswar,East,C031,John,john66@gmail.com,9017832683,Bronze,2023-04-17,P163,Cushion Cover,Home Decor,299,1,PR03,Electronics Bonanza,15,-299,44.85,254.15,8,3,115
T2964,2023-01-01 10:00:00,S09,HCL Mart Bangalore,Bangalore,South,C054,Ravi,ravi80@gmail.com,9905700670,Platinum,2024-01-01,P243,Atta 5kg,Grocery,350,1,,,0,350,0.0,350.0,6,1,336
T5681,2024-01-21 12:44:44,S05,HCL Mart Chennai,Chennai,South,C061,Anil,anil94@gmail.com,9475835629,Platinum,2022-06-18,P250,Cooking Oil 1L,Grocery,-180,4,PR01,New Year Sale,10,720,72.0,648.0,1,6,582
T4283,2024-07-19 08:43:49,S04,HCL Mart Lucknow,Lucknow,North,C065,Vikram,vikram44_at_gmail.com,9689225051,Gold,2023-05-01,P362,Cushion Cover,Home Decor,299,1,PR11,Holiday Joy,18,299,53.82,245.18,7,4,445
T1364,2023-01-05 16:41:00,S17,HCL Mart Bhubaneswar,Bhubaneswar,East,C068,Ravi,ravi62@gmail.com,8352219421,Platinum,2022-06-22,P101,Cushion Cover,Home Decor,299,4,,,0,1636,0.0,1196.0,1,3,197
T4669,2024-11-23 09:58:38,S04,HCL Mart Guwahati,Guwahati,East,C015,Aman,aman27@gmail.com,7401376597,Silver,2023-06-12,P202,Sugar 1kg,Grocery,-50,2,,,0,100,0.0,100.0,11,5,530
T5908,2023-11-13 21:36:55,S18,HCL Mart Ahmedabad,Ahmedabad,West,C131,Anil,anil43@gmail.com,7017314426,Gold,2023-01-01,P456,Jeans,Apparel,1999,1,,,0,2318,0.0,1999.0,11,0,316
T2607,2023-06-02 00:00:00,S07,HCL Mart Bhubaneswar,Bhubaneswar,East,C045,Priya,priya54_at_gmail.com,7492457426,Bronze,2023-04-20,P269,Cushion Cover,Home Decor,299,4,,,0,1196,0.0,1196.0,6,4,43
T6254,2024-05-14 06:10:49,S16,HCL Mart Kolkata,Kolkata,East,C055,John,john56@gmail.com,7226707338,Gold,2021-01-21,P378,Hoodie,Apparel,-1499,2,PR02,Apparel Fest,20,2998,599.6,2398.4,5,1,1209
T7110,2024-07-14 08:27:11,S19,HCL Mart Lucknow,Lucknow,North,C125,Ravi,ravi69@gmail.com,7823525911,Silver,2023-03-11,P221,T-Shirt,Apparel,799,2,,,0,1955,0.0,1598.0,7,6,491
T6608,2024-08-22 16:20:33,S18,HCL Mart Kolkata,Kolkata,East,C097,Sara,sara50_at_gmail.com,7015536052,Platinum,2021-07-18,P212,Hoodie,Apparel,1499,3,PR10,Member Exclusive,12,4497,539.64,3957.36,8,3,1131
T6608,2024-08-22 16:20:33,S18,HCL Mart Kolkata,Kolkata,East,C097,Sara,sara50_at_gmail.com,7015536052,Platinum,2021-07-18,P212,Hoodie,Apparel,1499,3,PR10,Member Exclusive,12,4497,539.64,3957.36,8,3,1131
T3317,2023-11-07 18:04:14,S16,HCL Mart Ahmedabad,Mumbai,North,C118,Sita,sita95@gmail.com,7453716478,Platinum,2023-02-17,P250,Socks Pack,Apparel,399,4,PR04,Flash Sale,5,1596,79.8,1516.2,11,1,263
T6854,2023-12-29 00:00:00,S06,HCL Mart Kolkata,Kolkata,East,C181,Aman,aman37@gmail.com,8272008296,Gold,2023-11-20,P432,Socks Pack,Apparel,399,4,PR14,Mid-Week Treats,8,2001,127.68,1468.32,12,4,39
T6342,2024-04-26 08:15:00,S06,HCL Mart Pune,Mumbai,North,C035,Ravi,ravi22@gmail.com,9978437831,Silver,2021-11-30,P380,Cushion Cover,Home Decor,299,1,PR03,Electronics Bonanza,15,299,44.85,254.15,4,4,878
T6227,2024-01-19 17:17:02,S10,HCL Mart Bangalore,Mumbai,North,C123,Ravi,ravi81@gmail.com,7478122447,Platinum,2023-10-12,P362,Atta 5kg,Grocery,350,2,,,0,700,0.0,700.0,1,4,99
T1125,2024-10-13 15:37:00,S03,HCL Mart Bangalore,Bangalore,South,C072,Aman,aman35@gmail.com,8211099925,Silver,2024-02-13,P195,Cushion Cover,Home Decor,299,4,,,0,1454,0.0,1196.0,10,6,243
T1952,2023-09-04 21:00:00,S13,HCL Mart Mumbai,Mumbai,West,C088,Sita,sita98_at_gmail.com,9990840399,Platinum,2023-01-30,P324,Cooking Oil 1L,Grocery,180,2,,,0,360,0.0,360.0,9,0,217
T2089,2024-08-02 00:00:00,S08,HCL Mart Mumbai,Mumbai,West,C038,Aman,aman87_at_gmail.com,7253638532,Silver,2024-04-05,P138,Socks Pack,Apparel,399,3,,,0,1197,0.0,1197.0,8,4,119
T6949,2023-01-01 10:00:00,S14,HCL Mart Bhubaneswar,Bhubaneswar,East,C173,Ravi,ravi87@gmail.com,8128557085,Gold,2024-01-01,P339,Table Lamp,Home Decor,1200,3,,,0,3600,0.0,3600.0,4,6,869
T4633,,S01,HCL Mart Mumbai,Mumbai,West,C072,Priya,priya46@gmail.com,9826793985,Platinum,2023-08-01,P116,USB-C Cable,Electronics,500,2,PR15,Anniversary Discount,22,1000,220.0,780.0,5,0,300
T4411,2024-10-05 16:10:03,S02,HCL Mart Mumbai,Mumbai,West,C012,Anil,anil57@gmail.com,9247783225,Platinum,2024-02-10,P466,Wireless Mouse,Electronics,1200,-2,,,0,2400,0.0,2400.0,10,5,238
T3192,2023-01-01 10:00:00,S06,HCL Mart Pune,Pune,West,C054,Sita,sita40@gmail.com,7471991510,Platinum,2024-01-01,P216,Wireless Mouse,Electronics,1200,3,,,0,3600,0.0,3600.0,1,0,252
T5929,2023-03-07 10:26:38,S18,HCL Mart Guwahati,Mumbai,North,C041,Sita,sita69@gmail.com,9810920508,Platinum,2022-04-01,P295,Wall Clock,Home Decor,899,2,,,0,1798,0.0,1798.0,3,1,340
T2758,2024-06-16 03:27:44,S19,HCL Mart Bangalore,Bangalore,South,C020,Sita,sita55_at_gmail.com,7386095833,Bronze,2021-09-27,P166,Hoodie,Apparel,1499,4,,,0,5996,0.0,5996.0,6,6,993
T1481,2023-04-19 11:04:00,S05,HCL Mart Lucknow,Mumbai,North,C083,Sita,sita36@gmail.com,9015428754,Silver,2023-01-13,P339,Table Lamp,Home Decor,1200,1,,,0,1200,0.0,1200.0,4,2,96
T5722,2023-01-01 10:00:00,S09,HCL Mart Bhubaneswar,Bhubaneswar,East,C123,Aman,aman40@gmail.com,9240045094,Bronze,2024-01-01,P156,Power Bank,Electronics,1500,4,,,0,6000,0.0,6000.0,9,1,490
T2024,,S20,HCL Mart Pune,Pune,West,C154,Sara,sara19@gmail.com,9493144905,Platinum,2022-08-21,P380,Cushion Cover,Home Decor,299,1,PR04,Flash Sale,5,299,14.95,284.05,1,5,153
T4525,2023-05-17 23:55:51,S13,HCL Mart Lucknow,Lucknow,North,C018,Aman,aman93_at_gmail.com,7897881582,Platinum,2022-11-19,P132,Wireless Mouse,Electronics,1200,4,,,0,4800,0.0,4800.0,5,2,179
T2179,2024-09-15 07:09:19,S02,HCL Mart Chennai,Chennai,South,C101,Vikram,vikram25_at_gmail.com,8381200063,Gold,2023-09-02,P358,Table Lamp,Home Decor,1200,1,,,0,1200,0.0,1200.0,9,6,379
T5303,,S03,HCL Mart Bhubaneswar,Bhubaneswar,East,C019,Sara,sara71@gmail.com,9899018290,Bronze,2020-12-10,P198,Cushion Cover,Home Decor,299,1,PR09,Weekend Blast,5,299,14.95,284.05,1,0,1145
T1472,2024-12-03 10:39:00,S10,HCL Mart Lucknow,Mumbai,North,C039,Priya,priya85@gmail.com,7349670074,Gold,2024-06-29,P165,Cushion Cover,Home Decor,299,3,,,0,897,0.0,897.0,12,1,157
T1072,,S08,HCL Mart Ahmedabad,Ahmedabad,West,C017,Sara,sara71@gmail.com,7715687690,Gold,2022-07-10,P435,Wall Clock,Home Decor,899,5,,,0,4495,0.0,4495.0,1,2,549
T1735,2024-07-25 18:38:00,S18,HCL Mart Hyderabad,Hyderabad,South,C176,Vikram,vikram28@gmail.com,7828539019,Gold,2024-04-16,P288,Power Bank,Electronics,1500,5,PR02,Apparel Fest,20,7685,1500.0,6000.0,7,3,100
T7401,2024-04-14 15:18:41,S09,HCL Mart Pune,Pune,West,C179,Priya,priya54@gmail.com,8858229006,Gold,2022-04-06,P223,Cooking Oil 1L,Grocery,180,3,,,0,817,0.0,540.0,4,6,739
T2640,2023-12-01 04:17:19,S13,HCL Mart Bangalore,Bangalore,South,C162,Anil,anil20_at_gmail.com,7711173352,Platinum,2023-02-25,P220,Sugar 1kg,Grocery,50,3,,,0,150,0.0,150.0,12,4,279
T6184,2023-12-22 22:13:06,S04,HCL Mart Bhubaneswar,Mumbai,North,C014,Aman,aman41@gmail.com,7188537748,Platinum,2023-10-07,P161,Wireless Mouse,Electronics,1200,4,PR06,Back to School,10,4800,480.0,4320.0,12,4,76
T6462,2024-12-18 06:56:55,S16,HCL Mart Pune,Pune,West,C043,Priya,priya19@gmail.com,9291796118,Platinum,2022-02-04,P148,Power Bank,Electronics,1500,5,,,0,7637,0.0,7500.0,12,2,1048
T4112,2024-12-06 12:13:42,S15,HCL Mart Chennai,Chennai,South,C121,Sara,sara48@gmail.com,7454767964,Bronze,2021-12-07,P465,Jeans,Apparel,1999,3,,,0,6149,0.0,5997.0,12,4,1095
T6801,2024-12-15 09:58:22,S17,HCL Mart Guwahati,Guwahati,East,C103,Sara,sara67_at_gmail.com,8311372378,Gold,2024-01-17,P244,Hoodie,Apparel,1499,3,PR07,Black Friday,30,4497,1349.1,3147.9,12,6,333
T2037,2023-11-05 01:49:40,S07,HCL Mart Guwahati,Guwahati,East,C060,Vikram,vikram15_at_gmail.com,7380219182,Platinum,2021-07-04,P441,Sugar 1kg,Grocery,50,2,,,0,100,0.0,100.0,11,6,854
T1456,2023-07-15 11:53:00,S17,HCL Mart Pune,Pune,West,C145,Ravi,ravi95_at_gmail.com,9549728730,Silver,2022-12-20,P396,iPhone Charger,Electronics,999,2,,,0,1998,0.0,1998.0,7,5,207
T5754,2024-08-19 10:04:33,S20,HCL Mart Mumbai,Mumbai,North,C096,Vikram,vikram48@gmail.com,8017092367,Silver,2023-07-29,P497,Hoodie,Apparel,1499,5,,,0,7495,0.0,7495.0,8,0,387
,2023-03-08 16:26:00,S08,HCL Mart Chennai,Chennai,South,C123,Aman,aman40@gmail.com,9240045094,Bronze,2022-05-24,P234,Wall Clock,Home Decor,899,3,PR15,Anniversary Discount,22,2697,593.34,2103.66,3,2,288
T5029,2024-12-11 09:37:40,S10,HCL Mart Pune,Pune,West,C003,Aman,aman27_at_gmail.com,7919722944,Silver,2022-08-20,P188,Jeans,Apparel,1999,5,,,0,9995,0.0,9995.0,12,2,844
T5467,2024-02-20 00:47:49,S04,HCL Mart Lucknow,Lucknow,North,C102,Ravi,ravi76@gmail.com,8724431028,Bronze,2022-01-22,P447,Jeans,Apparel,1999,-5,,,0,9995,0.0,9995.0,2,1,759
T6290,2023-01-19 03:29:25,S12,HCL Mart Kolkata,Kolkata,East,C142,Aman,aman45_at_gmail.com,9298297349,Platinum,2021-09-28,P363,Cushion Cover,Home Decor,299,1,PR08,Diwali Special,15,299,44.85,254.15,1,3,478
T4047,2023-01-01 10:00:00,S07,HCL Mart Kolkata,Kolkata,East,C147,Ravi,ravi53@gmail.com,7367749098,Bronze,2024-01-01,P444,Rice Bag 5kg,Grocery,450,3,,,0,1350,0.0,1350.0,4,6,518
T4354,2023-03-03 14:46:31,S06,HCL Mart Bhubaneswar,Bhubaneswar,East,C004,Ravi,ravi19@gmail.com,8715999022,Bronze,2022-03-25,P452,Rice Bag 5kg,Grocery,450,1,,,0,703,0.0,450.0,3,4,343
T1981,2024-01-30 13:06:00,S15,HCL Mart Hyderabad,Hyderabad,South,C021,Sara,sara56_at_gmail.com,7810614442,Platinum,2021-09-16,P344,Wall Clock,Home Decor,899,5,,,0,4495,0.0,4495.0,1,1,866
T5779,2024-01-12 01:31:44,S14,HCL Mart Guwahati,Guwahati,East,,Ravi,ravi70@gmail.com,7837201264,Platinum,2023-06-07,P460,T-Shirt,Apparel,799,4,,,0,3196,0.0,3196.0,1,4,219
T5482,2024-06-09 16:44:04,S04,HCL Mart Delhi,Delhi,North,C013,Ravi,ravi47_at_gmail.com,9952604643,Silver,2020-12-30,P363,Cushion Cover,Home Decor,299,5,,,0,1495,0.0,1495.0,6,6,1257
T4911,2023-01-25 14:37:17,S16,HCL Mart Chandigarh,Chandigarh,North,C128,Anil,anil20@gmail.com,7197077014,Silver,2021-03-24,P378,USB-C Cable,Electronics,500,1,,,0,899,0.0,500.0,1,2,672
T4327,2023-01-01 10:00:00,S13,HCL Mart Delhi,Delhi,North,C068,Priya,priya93@gmail.com,8902269560,Silver,2024-01-01,P306,Wireless Mouse,Electronics,1200,2,,,0,2400,0.0,2400.0,8,1,925
T6041,2023-01-01 10:00:00,S13,HCL Mart Hyderabad,Hyderabad,South,C081,Aman,aman94@gmail.com,9471750130,Gold,2024-01-01,P159,Atta 5kg,Grocery,350,5,,,0,1750,0.0,1750.0,11,1,693
T5678,2024-06-13 03:41:37,S03,HCL Mart Delhi,Mumbai,North,C105,Sita,sita70@gmail.com,9474055460,Bronze,2024-01-16,P383,Hoodie,Apparel,1499,3,PR05,Summer Clearance,25,4497,1124.25,3372.75,6,3,149
T1550,2024-10-02 16:00:00,S12,HCL Mart Mumbai,Mumbai,West,C070,Priya,priya38_at_gmail.com,7733397500,Silver,2023-08-15,P445,Cooking Oil 1L,Grocery,180,5,,,0,900,0.0,900.0,10,2,414
T4708,2023-01-01 10:00:00,S11,HCL Mart Chennai,Chennai,South,C136,John,john90@gmail.com,7784610552,Silver,2024-01-01,P286,iPhone Charger,Electronics,999,2,,,0,1998,0.0,1998.0,1,5,227
T5619,2023-01-20 15:21:41,S05,HCL Mart Delhi,Mumbai,North,C046,Vikram,vikram17@gmail.com,8078414467,Bronze,2021-03-05,P272,Jeans,Apparel,1999,5,,,0,9995,0.0,9995.0,1,4,686
T6017,2023-07-14 09:11:46,S09,HCL Mart Kolkata,Kolkata,East,C195,Priya,priya61@gmail.com,8599244458,Platinum,2022-06-26,P276,Hoodie,Apparel,1499,3,PR01,New Year Sale,10,-4497,449.7,4047.3,7,4,383
T4979,2023-10-24 12:56:59,S08,HCL Mart Ahmedabad,Ahmedabad,West,C124,Vikram,vikram83_at_gmail.com,9264198561,Silver,2021-08-17,P221,T-Shirt,Apparel,799,1,,,0,799,0.0,799.0,10,1,798
,2024-03-27 09:22:00,S01,HCL Mart Mumbai,Mumbai,West,C153,Aman,aman49@gmail.com,9945655070,Platinum,2022-08-13,P336,Wireless Mouse,Electronics,1200,4,,,0,4800,0.0,4800.0,3,2,592
T2133,2023-01-01 10:00:00,S17,HCL Mart Kolkata,Kolkata,East,C084,Priya,priya49@gmail.com,9484508572,Silver,2024-01-01,P188,Sugar 1kg,Grocery,50,3,,,0,150,0.0,150.0,4,1,738
T2505,2024-02-13 00:16:58,S13,HCL Mart Pune,Pune,West,C190,Vikram,vikram15@gmail.com,9157532133,Gold,2022-12-08,P292,USB-C Cable,Electronics,500,4,,,0,2347,0.0,2000.0,2,1,432
T2928,2023-09-09 11:19:46,S04,HCL Mart Chennai,Mumbai,North,C043,Sara,sara57@gmail.com,9255402607,Silver,2022-05-26,P192,Hoodie,Apparel,1499,4,,,0,5996,0.0,5996.0,9,5,471
T7150,2024-05-12 22:19:00,S06,HCL Mart Bangalore,Bangalore,South,C171,Sara,sara62_at_gmail.com,8975921458,Bronze,2022-10-15,P481,Rice Bag 5kg,Grocery,450,1,,,0,450,0.0,450.0,5,6,575
T7021,2023-04-17 08:54:27,S17,HCL Mart Bangalore,Mumbai,North,C122,Vikram,vikram13@gmail.com,8782882773,Platinum,2023-04-04,P151,Hoodie,Apparel,1499,4,,,0,5996,0.0,5996.0,4,0,13
T4149,2023-04-30 00:12:16,S18,HCL Mart Hyderabad,Hyderabad,South,C053,Ravi,ravi74@gmail.com,9039356978,Gold,2022-06-26,P332,T-Shirt,Apparel,799,5,PR13,End of Season Sale,40,4206,1598.0,2397.0,4,6,308
T7327,2023-12-02 10:19:31,S13,HCL Mart Lucknow,Lucknow,North,C002,Ravi,ravi70@gmail.com,9013291655,Gold,2022-04-23,P195,Cushion Cover,Home Decor,299,2,,,0,799,0.0,598.0,12,5,588
T5189,2023-09-21 18:28:07,S06,HCL Mart Hyderabad,Hyderabad,South,C083,Sara,sara20@gmail.com,8857436685,Platinum,2022-07-26,P143,iPhone Charger,Electronics,999,2,,,0,2303,0.0,1998.0,9,3,422
T2905,2024-09-22 00:00:00,S14,HCL Mart Pune,Pune,West,C079,Sita,sita38@gmail.com,8062139102,Platinum,2024-06-26,P321,Sugar 1kg,Grocery,50,3,PR11,Holiday Joy,18,427,27.0,123.0,9,6,88
T3652,2023-01-01 10:00:00,S09,HCL Mart Ahmedabad,Ahmedabad,West,C019,Priya,priya49@gmail.com,9493575087,Gold,2024-01-01,P101,Wall Clock,Home Decor,899,5,,,0,4495,0.0,4495.0,11,0,570
T3087,2023-12-12 06:42:00,S08,HCL Mart Chandigarh,Chandigarh,North,C034,Ravi,ravi23@gmail.com,7770352509,Platinum,2022-10-23,P300,Cooking Oil 1L,Grocery,180,2,,,0,-360,0.0,360.0,12,1,415
T5858,2023-05-20 00:00:00,S15,HCL Mart Delhi,Mumbai,North,C042,Ravi,ravi51@gmail.com,9534670269,Gold,2023-04-20,P336,Jeans,Apparel,1999,3,PR05,Summer Clearance,25,5997,1499.25,4497.75,5,5,30
T2544,2023-06-26 03:21:52,S17,HCL Mart Bhubaneswar,Bhubaneswar,East,C107,Priya,priya20@gmail.com,8234914825,Gold,2023-06-08,P420,Socks Pack,Apparel,-399,3,,,0,1197,0.0,1197.0,6,0,18
T3534,2023-05-05 21:09:28,S08,HCL Mart Bhubaneswar,Bhubaneswar,East,C060,Vikram,vikram15_at_gmail.com,7380219182,Platinum,2021-07-04,P277,Cooking Oil 1L,Grocery,180,3,PR08,Diwali Special,15,540,81.0,459.0,5,4,670
T5734,2024-05-02 04:46:41,S04,HCL Mart Bhubaneswar,Bhubaneswar,East,C017,Priya,priya64_at_gmail.com,8651010841,Platinum,2021-05-07,P346,Table Lamp,Home Decor,1200,3,PR03,Electronics Bonanza,15,3600,540.0,3060.0,5,3,1091
T1161,2023-08-16 12:56:00,S01,HCL Mart Kolkata,Kolkata,East,C142,Sita,sita18@gmail.com,9730923355,Gold,2022-07-24,P442,Table Lamp,Home Decor,1200,4,,,0,5098,0.0,4800.0,8,2,388
T4344,2024-05-29 04:35:37,S10,HCL Mart Bhubaneswar,Bhubaneswar,East,C156,Aman,aman99_at_gmail.com,7221788138,Bronze,2022-08-31,P123,iPhone Charger,Electronics,999,2,PR13,End of Season Sale,40,1998,799.2,1198.8,5,2,637
T1075,2024-09-20 13:05:00,S10,HCL Mart Hyderabad,Hyderabad,South,C193,Sara,sara18@gmail.com,8121311636,Bronze,2022-01-01,P312,T-Shirt,Apparel,799,1,PR01,New Year Sale,10,-799,79.9,719.1,9,4,993
T3019,2023-01-01 10:00:00,S03,HCL Mart Ahmedabad,Ahmedabad,West,C200,Sita,sita47@gmail.com,8666969324,Bronze,2024-01-01,P466,Wireless Mouse,Electronics,1200,5,,,0,6000,0.0,6000.0,11,4,918
T3498,2023-08-10 22:43:04,S01,HCL Mart Lucknow,Lucknow,North,C144,Anil,anil90@gmail.com,8752959296,Silver,2023-03-24,P108,USB-C Cable,Electronics,500,-4,,,0,2000,0.0,2000.0,8,3,139
T2014,2023-07-21 21:11:00,S09,HCL Mart Bangalore,Bangalore,South,C167,Ravi,ravi42@gmail.com,8218807712,Silver,2022-11-24,P331,T-Shirt,Apparel,799,5,PR15,Anniversary Discount,22,4264,878.9,3116.1,7,4,239
T6074,2024-11-17 05:28:19,S20,HCL Mart Pune,Pune,West,C033,Vikram,vikram79@gmail.com,9112882846,Platinum,2023-06-27,P464,Socks Pack,Apparel,399,1,,,0,-399,0.0,399.0,11,6,509
T3350,2024-06-15 00:00:00,S06,HCL Mart Guwahati,Guwahati,East,C145,Sita,sita81@gmail.com,7574314750,Bronze,2024-03-30,,Sugar 1kg,Grocery,50,1,,,0,50,0.0,50.0,6,5,77
T5254,2023-11-24 23:07:25,S08,HCL Mart Delhi,Delhi,North,C186,Sara,sara40@gmail.com,9273396374,Platinum,2022-06-21,P453,Sugar 1kg,Grocery,50,5,,,0,732,0.0,250.0,11,4,521
T3841,2023-11-14 02:07:51,S15,HCL Mart Chennai,Chennai,South,C171,Priya,priya47_at_gmail.com,9669482883,Bronze,2021-04-08,P157,Wall Clock,Home Decor,899,4,,,0,3596,0.0,3596.0,11,1,950
T2932,2023-11-11 00:54:06,S18,HCL Mart Chandigarh,Chandigarh,North,C014,Aman,aman41@gmail.com,7188537748,Platinum,2023-10-07,P280,Atta 5kg,Grocery,350,2,PR08,Diwali Special,15,-700,105.0,595.0,11,5,35
,2023-07-29 00:00:00,S16,HCL Mart Guwahati,Guwahati,East,C177,Ravi,ravi52@gmail.com,9326669504,Silver,2023-06-09,P442,Wall Clock,Home Decor,899,3,PR14,Mid-Week Treats,8,2697,215.76,2481.24,7,5,50
T6906,2023-09-02 04:41:40,S15,HCL Mart Mumbai,Mumbai,North,C170,Sara,sara91@gmail.com,8855620504,Gold,2021-11-28,P132,Wireless Mouse,Electronics,1200,4,,,0,4800,0.0,4800.0,9,5,643
T4485,2024-12-18 05:14:53,S02,HCL Mart Delhi,Delhi,North,C011,Aman,aman69_at_gmail.com,9215538213,Gold,2024-02-01,P381,iPhone Charger,Electronics,999,3,,,0,2997,0.0,2997.0,12,2,321
T3924,2023-09-04 04:43:44,S12,HCL Mart Kolkata,Kolkata,East,C023,John,john45@gmail.com,7281236841,Bronze,2022-07-07,P348,Wireless Mouse,Electronics,1200,-5,,,0,6000,0.0,6000.0,9,0,424
T1875,2023-01-01 10:00:00,S02,HCL Mart Mumbai,Mumbai,West,C168,John,john83@gmail.com,7064223828,Gold,2024-01-01,P219,Rice Bag 5kg,Grocery,450,2,,,0,900,0.0,900.0,2,2,121
T2372,2023-07-14 10:19:38,S20,HCL Mart Ahmedabad,Ahmedabad,West,C001,Priya,priya75@gmail.com,8573318335,Platinum,2022-11-02,P267,Rice Bag 5kg,Grocery,450,-5,PR10,Member Exclusive,12,2250,270.0,1980.0,7,4,254
T2946,2023-01-27 23:28:48,S19,HCL Mart Chennai,Mumbai,North,C021,Sara,sara27@gmail.com,7361871111,Platinum,2022-05-12,P145,Socks Pack,Apparel,399,4,,,0,1596,0.0,1596.0,1,4,260
T3129,2023-04-21 23:29:27,S02,HCL Mart Pune,Pune,West,C009,Aman,aman25@gmail.com,7114819010,Silver,2023-01-02,P111,Rice Bag 5kg,Grocery,450,3,,,0,1631,0.0,1350.0,4,4,109
T4763,2023-08-04 20:19:58,S06,HCL Mart Delhi,Delhi,North,C089,Vikram,vikram19@gmail.com,7237656238,Platinum,2023-07-17,P297,Rice Bag 5kg,Grocery,-450,3,PR10,Member Exclusive,12,1350,162.0,1188.0,8,4,18
T3872,2023-03-24 08:11:38,S18,HCL Mart Ahmedabad,Ahmedabad,West,C019,Vikram,vikram12@gmail.com,8886762562,Bronze,2021-06-11,P114,Rice Bag 5kg,Grocery,450,2,,,0,1123,0.0,900.0,3,4,651
T6357,2023-03-21 17:58:19,S03,HCL Mart Hyderabad,Hyderabad,South,C018,Ravi,ravi97@gmail.com,8087206927,Silver,2022-04-26,P218,Atta 5kg,Grocery,350,2,PR12,Spring Collection Launch,7,978,49.0,651.0,3,1,329
T2457,2024-06-20 06:01:14,S01,HCL Mart Chennai,Chennai,South,C147,Ravi,ravi28@gmail.com,7914293797,Gold,2023-12-07,P126,Wireless Mouse,Electronics,1200,3,PR07,Black Friday,30,3889,1080.0,2520.0,6,3,196
T1706,2023-12-19 21:46:00,S08,HCL Mart Bhubaneswar,Bhubaneswar,East,C169,Sara,sara80@gmail.com,9045719150,Bronze,2023-09-15,P406,Cushion Cover,Home Decor,299,4,,,0,1531,0.0,1196.0,12,1,95
T6685,2024-07-17 00:05:00,S03,HCL Mart Chandigarh,Chandigarh,North,C139,John,john34_at_gmail.com,8723011182,Bronze,2023-01-31,P464,Socks Pack,Apparel,399,5,,,0,1995,0.0,1995.0,7,2,533
T1936,2023-11-09 12:32:00,S09,HCL Mart Kolkata,Kolkata,East,C085,Aman,aman88@gmail.com,7546916539,Gold,2023-06-01,P264,Power Bank,Electronics,1500,1,,,0,1846,0.0,1500.0,11,3,161
T6679,2023-01-01 10:00:00,S03,HCL Mart Pune,Pune,West,C165,Aman,aman80@gmail.com,8456779249,Platinum,2024-01-01,P285,Wireless Mouse,Electronics,1200,4,PR13,End of Season Sale,40,4800,1920.0,2880.0,9,0,526
T6948,2023-04-04 09:37:24,S17,HCL Mart Lucknow,Lucknow,North,C163,Ravi,ravi50@gmail.com,9134584158,Gold,2020-07-08,P250,Socks Pack,Apparel,399,-5,,,0,1995,0.0,1995.0,4,1,1000
T3887,2024-11-01 09:34:29,S11,HCL Mart Hyderabad,Hyderabad,South,C189,Priya,priya87_at_gmail.com,9131399789,Platinum,2021-04-07,P243,Atta 5kg,Grocery,350,2,PR13,End of Season Sale,40,700,280.0,420.0,11,4,1304
T5311,2024-08-30 00:00:00,S19,HCL Mart Delhi,Delhi,North,C120,Anil,anil80_at_gmail.com,7655868168,Bronze,2024-01-21,P111,USB-C Cable,Electronics,500,1,PR02,Apparel Fest,20,500,100.0,400.0,8,4,222
T5661,2024-05-12 05:46:58,S15,HCL Mart Pune,Mumbai,North,C133,Aman,aman62@gmail.com,9361433103,Bronze,2021-02-11,P234,Wall Clock,Home Decor,899,1,PR14,Mid-Week Treats,8,899,71.92,827.08,5,6,1186
T4920,2023-07-27 14:33:40,S19,HCL Mart Chandigarh,Chandigarh,North,,Ravi,ravi39@gmail.com,7063198533,Platinum,2020-09-28,P491,Table Lamp,Home Decor,1200,4,PR13,End of Season Sale,40,4800,1920.0,2880.0,7,3,1032
T3626,2024-11-07 11:51:04,S09,HCL Mart Chandigarh,Chandigarh,North,C020,Sita,sita55@gmail.com,7386095833,Bronze,2021-09-27,P313,T-Shirt,Apparel,799,1,,,0,-799,0.0,799.0,11,3,1137
T2979,2024-02-10 00:24:23,S08,HCL Mart Bangalore,Bangalore,South,C072,Priya,priya91@gmail.com,7317109584,Silver,2022-09-30,P163,USB-C Cable,Electronics,500,2,,,0,1293,0.0,1000.0,2,5,498
T1038,2024-06-06 11:38:00,S12,HCL Mart Hyderabad,Mumbai,North,C150,Vikram,vikram58@gmail.com,7871406475,Bronze,2023-09-04,P157,Wall Clock,Home Decor,899,1,,,0,899,0.0,899.0,6,3,276
T2184,2023-12-22 16:52:17,S03,HCL Mart Guwahati,Mumbai,North,C161,Priya,priya35@gmail.com,9475507112,Platinum,2021-05-06,P479,Socks Pack,Apparel,399,3,,,0,1197,0.0,1197.0,12,4,960
T1253,2023-06-29 09:41:00,S08,HCL Mart Ahmedabad,Mumbai,North,C170,Priya,priya66@gmail.com,7427419882,Gold,2022-08-30,P188,USB-C Cable,Electronics,500,3,PR02,Apparel Fest,20,1500,300.0,1200.0,6,3,303
T6343,2023-06-16 00:00:00,S19,HCL Mart Guwahati,Guwahati,East,C055,Vikram,vikram14@gmail.com,8972284863,Platinum,2023-03-09,P222,T-Shirt,Apparel,799,2,,,0,-1598,0.0,1598.0,6,4,99
T1179,2023-05-09 18:09:00,S16,HCL Mart Chennai,Chennai,South,C001,John,john77_at_gmail.com,9883788013,Bronze,2022-09-25,P356,Cooking Oil 1L,Grocery,180,5,,,0,900,0.0,900.0,5,1,226
T5282,2023-01-01 10:00:00,S16,HCL Mart Ahmedabad,Ahmedabad,West,C199,John,john15@gmail.com,9630749182,Gold,2024-01-01,P282,Wall Clock,Home Decor,899,3,,,0,2697,0.0,2697.0,4,3,503
T4373,2024-02-05 10:33:21,S18,HCL Mart Bangalore,Bangalore,South,C018,Ravi,ravi97@gmail.com,8087206927,Silver,2022-04-26,P315,Power Bank,Electronics,-1500,5,PR05,Summer Clearance,25,7500,1875.0,5625.0,2,0,650
T1235,2023-01-01 10:00:00,S14,HCL Mart Bangalore,Bangalore,South,C188,Anil,anil58@gmail.com,7192162020,Platinum,2024-01-01,P432,USB-C Cable,Electronics,500,5,PR02,Apparel Fest,20,2500,500.0,2000.0,3,5,108
,2023-08-18 04:55:26,S05,HCL Mart Chandigarh,Chandigarh,North,C080,Aman,aman56@gmail.com,8076596123,Silver,2021-11-18,P285,Wireless Mouse,Electronics,1200,2,,,0,2400,0.0,2400.0,8,4,638
T7395,2023-01-01 10:00:00,S10,HCL Mart Kolkata,Kolkata,East,C192,Anil,anil98@gmail.com,9523942241,Platinum,2024-01-01,P449,Wireless Mouse,Electronics,1200,4,,,0,4800,0.0,4800.0,8,4,756
T4602,2023-11-23 20:01:49,S14,HCL Mart Mumbai,Mumbai,West,C152,Priya,priya37_at_gmail.com,8698211400,Platinum,2022-10-02,P131,Socks Pack,Apparel,399,1,,,0,399,0.0,399.0,11,3,417
T6452,2025-05-24 00:00:00,S17,HCL Mart Pune,Pune,West,C172,Vikram,vikram47@gmail.com,9391558910,Platinum,2024-07-12,P322,Cooking Oil 1L,Grocery,180,5,,,0,-900,0.0,900.0,5,5,316
,2024-04-18 17:32:00,S14,HCL Mart Mumbai,Mumbai,West,C138,Priya,priya28@gmail.com,9068354479,Silver,2023-05-06,P192,Hoodie,Apparel,1499,1,,,0,1499,0.0,1499.0,4,3,348
T2392,2024-07-20 01:06:17,S07,HCL Mart Bangalore,Bangalore,South,C187,Anil,anil43@gmail.com,7060524150,Silver,2023-03-11,P495,Power Bank,Electronics,1500,4,,,0,-6000,0.0,6000.0,7,5,497
T1010,2023-11-12 18:02:00,S07,HCL Mart Bangalore,Bangalore,South,C036,Priya,priya83@gmail.com,9311904524,Bronze,2021-12-26,P412,Sugar 1kg,Grocery,-50,2,,,0,100,0.0,100.0,11,6,686
T6348,2024-04-29 07:52:52,S04,HCL Mart Guwahati,Guwahati,East,C093,Sara,sara79_at_gmail.com,9781978394,Gold,2024-01-21,P421,Wireless Mouse,Electronics,1200,2,,,0,2400,0.0,2400.0,4,0,99
T5295,,S11,HCL Mart Guwahati,Guwahati,East,C072,Priya,priya46@gmail.com,9826793985,Platinum,2023-08-01,P466,Wireless Mouse,Electronics,1200,4,,,0,4800,0.0,4800.0,11,4,115
T6822,2024-03-10 00:00:00,S02,HCL Mart Bangalore,Bangalore,South,C135,Ravi,ravi81@gmail.com,7867405920,Gold,2024-02-20,P122,Jeans,Apparel,1999,4,PR01,New Year Sale,10,8149,799.6,7196.4,3,6,19
T2579,2023-06-19 03:28:53,S14,HCL Mart Bangalore,Bangalore,South,C085,Anil,anil88_at_gmail.com,7392327631,Gold,2021-12-27,P423,Atta 5kg,Grocery,350,1,,,0,350,0.0,350.0,6,0,539
T1278,2024-12-30 17:31:00,S04,HCL Mart Chennai,Chennai,South,C130,Sara,sara52_at_gmail.com,9308840935,Silver,2023-01-15,P214,Hoodie,Apparel,1499,1,PR04,Flash Sale,5,1499,74.95,1424.05,12,0,715
T6729,2023-01-01 10:00:00,S13,HCL Mart Ahmedabad,Ahmedabad,West,C068,Ravi,ravi62@gmail.com,8352219421,Platinum,2024-01-01,P242,Socks Pack,Apparel,399,3,PR08,Diwali Special,15,1197,179.55,1017.45,5,0,334
T4997,2024-07-31 11:31:15,S17,HCL Mart Bangalore,Bangalore,South,C099,Sara,sara10_at_gmail.com,8156684021,Gold,2022-12-10,P391,Sugar 1kg,Grocery,50,3,,,0,150,0.0,150.0,7,2,599
T3214,2023-01-01 10:00:00,S03,HCL Mart Bhubaneswar,Bhubaneswar,East,C060,Sita,sita80@gmail.com,9650079844,Silver,2024-01-01,P168,Power Bank,Electronics,1500,5,,,0,7500,0.0,7500.0,1,4,451
T3180,2023-08-10 04:10:52,S06,HCL Mart Delhi,Delhi,North,C023,John,john45@gmail.com,7281236841,Bronze,2022-07-07,P340,Cooking Oil 1L,Grocery,180,3,,,0,-540,0.0,540.0,8,3,399
,2024-12-23 17:01:41,S03,HCL Mart Ahmedabad,Ahmedabad,West,C022,John,john86@gmail.com,7545631242,Bronze,2021-05-31,P363,Cushion Cover,Home Decor,299,1,,,0,299,0.0,299.0,12,0,1302
T2602,2024-10-05 00:55:44,S17,HCL Mart Ahmedabad,Mumbai,North,C153,Ravi,ravi76@gmail.com,7878231835,Platinum,2022-08-29,P430,Cushion Cover,Home Decor,299,4,,,0,1196,0.0,1196.0,10,5,768
T1145,,S17,HCL Mart Delhi,Delhi,North,C107,Priya,priya39@gmail.com,7520977516,Silver,2024-02-13,P248,Wireless Mouse,Electronics,1200,5,,,0,6000,0.0,6000.0,7,1,140
T3183,2023-01-01 10:00:00,S04,HCL Mart Pune,Pune,West,C105,Sita,sita70@gmail.com,9474055460,Bronze,2024-01-01,P216,Atta 5kg,Grocery,350,3,,,0,1050,0.0,1050.0,5,2,120
T6810,2023-11-15 06:14:49,S02,HCL Mart Kolkata,Kolkata,East,C181,Sita,sita64@gmail.com,7607679983,Bronze,2023-05-06,P285,Wall Clock,Home Decor,-899,4,PR13,End of Season Sale,40,3596,1438.4,2157.6,11,2,193
T6141,2023-04-04 08:02:34,S15,HCL Mart Bangalore,Mumbai,North,C032,Sara,sara60@gmail.com,9278874328,Silver,2023-04-04,P292,Hoodie,Apparel,1499,1,,,0,1499,0.0,1499.0,4,1,0
T2179,2024-09-15 07:09:19,S02,HCL Mart Chennai,Mumbai,North,C101,Vikram,vikram25@gmail.com,8381200063,Gold,2023-09-02,P358,Table Lamp,Home Decor,1200,1,,,0,1200,0.0,1200.0,9,6,379
T5527,2023-02-17 22:46:04,S05,HCL Mart Hyderabad,Mumbai,North,C062,Ravi,ravi86@gmail.com,7400146697,Silver,2022-11-22,P160,Table Lamp,Home Decor,1200,1,,,0,1200,0.0,1200.0,2,4,87
T2211,2023-01-09 06:11:55,S12,HCL Mart Kolkata,Kolkata,East,,Aman,aman11@gmail.com,9782430517,Bronze,2022-08-19,P216,Wireless Mouse,Electronics,1200,2,,,0,2400,0.0,2400.0,1,0,143
T6489,2024-01-30 06:02:52,S14,HCL Mart Chandigarh,Chandigarh,North,C151,John,john19@gmail.com,8521968348,Gold,2022-05-06,P202,Cushion Cover,Home Decor,299,-3,,,0,897,0.0,897.0,1,1,634
T6536,2024-04-20 20:00:16,S15,HCL Mart Delhi,Delhi,North,C003,Priya,priya26_at_gmail.com,8692182156,Bronze,2023-08-04,P365,T-Shirt,Apparel,799,4,PR10,Member Exclusive,12,3196,383.52,2812.48,4,5,260
T2461,2023-03-07 16:49:05,S01,HCL Mart Chandigarh,Mumbai,North,C071,Sara,sara38@gmail.com,7893156347,Silver,2022-02-14,P468,Atta 5kg,Grocery,350,3,,,0,1050,0.0,1050.0,3,1,386
T4290,2023-01-01 10:00:00,S20,HCL Mart Lucknow,Lucknow,North,C014,Aman,aman53@gmail.com,7173865797,Bronze,2024-01-01,P134,T-Shirt,Apparel,799,1,,,0,799,0.0,799.0,11,5,827
T1858,2024-01-14 12:26:00,S13,HCL Mart Delhi,Delhi,North,C018,Aman,aman93@gmail.com,7897881582,Platinum,2022-11-19,P199,Table Lamp,Home Decor,-1200,4,,,0,4800,0.0,4800.0,1,6,421
T5486,2024-07-30 06:43:35,S18,HCL Mart Hyderabad,Mumbai,North,C012,Sita,sita22@gmail.com,8497436595,Silver,2021-02-05,P470,T-Shirt,Apparel,799,2,PR12,Spring Collection Launch,7,1598,111.86,1486.14,7,1,1271
T3630,2024-08-22 08:26:38,S10,HCL Mart Guwahati,Guwahati,East,C045,John,john59@gmail.com,9211332763,Platinum,2023-01-28,P373,Table Lamp,Home Decor,-1200,1,PR11,Holiday Joy,18,1200,216.0,984.0,8,3,572
T3663,,S03,HCL Mart Chennai,Chennai,South,C192,Sita,sita64@gmail.com,7546450303,Bronze,2022-03-18,P177,Hoodie,Apparel,1499,1,,,0,1499,0.0,1499.0,7,4,847
T4928,2023-08-28 23:09:27,S01,HCL Mart Bhubaneswar,Bhubaneswar,East,C108,Ravi,ravi55@gmail.com,9190282246,Bronze,2021-07-25,P100,Cooking Oil 1L,Grocery,180,4,PR05,Summer Clearance,25,976,180.0,540.0,8,0,764
T1740,2023-02-25 12:28:00,S02,HCL Mart Kolkata,Kolkata,East,,Sara,sara13@gmail.com,7623072558,Gold,2022-10-06,P292,USB-C Cable,Electronics,500,2,,,0,1000,0.0,1000.0,2,5,142
T3102,2024-01-15 06:24:43,S14,HCL Mart Pune,Mumbai,North,C125,Sara,sara84@gmail.com,9551388264,Bronze,2022-03-01,P227,Socks Pack,Apparel,399,2,PR13,End of Season Sale,40,798,319.2,478.8,1,0,685
T3667,2023-11-26 07:27:25,S10,HCL Mart Ahmedabad,Ahmedabad,West,C100,Anil,anil81@gmail.com,9257510100,Silver,2020-12-02,P159,Atta 5kg,Grocery,350,2,,,0,992,0.0,700.0,11,6,1089
T7054,2023-09-07 11:19:07,S04,HCL Mart Lucknow,Mumbai,North,C156,Priya,priya58@gmail.com,9152143864,Silver,2021-06-04,P435,Wall Clock,Home Decor,899,1,,,0,899,0.0,899.0,9,3,825
T7178,2023-09-07 02:06:51,S08,HCL Mart Bangalore,Bangalore,South,C128,Aman,aman11@gmail.com,9782430517,Bronze,2022-08-19,P164,Cushion Cover,Home Decor,299,4,,,0,1513,0.0,1196.0,9,3,384
T4806,2023-11-10 03:37:18,S03,HCL Mart Kolkata,Kolkata,East,C135,John,john78@gmail.com,8467939483,Gold,2022-03-17,P309,Rice Bag 5kg,Grocery,450,1,,,0,947,0.0,450.0,11,4,603
T6488,2023-01-01 10:00:00,S04,HCL Mart Ahmedabad,Ahmedabad,West,C187,Anil,anil43@gmail.com,7060524150,Silver,2024-01-01,P378,Wall Clock,Home Decor,899,2,PR06,Back to School,10,1798,179.8,1618.2,9,0,562
T3668,2023-07-28 00:07:57,S16,HCL Mart Kolkata,Kolkata,East,C002,Sita,sita41_at_gmail.com,9740318363,Gold,2020-12-24,P184,Sugar 1kg,Grocery,50,3,,,0,150,0.0,150.0,7,4,946
T3214,2023-01-01 10:00:00,S03,HCL Mart Bhubaneswar,Bhubaneswar,East,C060,Sita,sita80@gmail.com,9650079844,Silver,2024-01-01,P168,Power Bank,Electronics,1500,5,,,0,7500,0.0,7500.0,1,4,451
T3218,2023-01-01 10:00:00,S15,HCL Mart Chennai,Chennai,South,C042,Ravi,ravi76@gmail.com,8276220290,Gold,2024-01-01,P165,Cushion Cover,Home Decor,299,2,PR04,Flash Sale,5,598,29.9,568.1,8,5,669
T5602,2023-09-11 08:09:34,S12,HCL Mart Pune,Pune,West,C148,Ravi,ravi18_at_gmail.com,7083495394,Platinum,2022-03-10,P442,Table Lamp,Home Decor,1200,1,,,0,1200,0.0,1200.0,9,0,550
T3912,2023-01-01 10:00:00,S04,HCL Mart Guwahati,Guwahati,East,C037,Sara,sara52@gmail.com,7018046587,Bronze,2024-01-01,P199,Cooking Oil 1L,Grocery,180,4,,,0,720,0.0,720.0,3,5,581
T6390,2023-08-06 12:30:45,S03,HCL Mart Pune,Pune,West,C025,Aman,aman54@gmail.com,7447812712,Bronze,2023-01-16,P320,USB-C Cable,Electronics,500,5,,,0,2703,0.0,2500.0,8,6,202
T3582,2023-01-01 10:00:00,S18,HCL Mart Lucknow,Lucknow,North,C170,Priya,priya91@gmail.com,9750936563,Bronze,2024-01-01,P276,Hoodie,Apparel,1499,1,,,0,1499,0.0,1499.0,12,5,1034
T7030,2023-07-16 22:41:20,S11,HCL Mart Chandigarh,Chandigarh,North,C130,Ravi,ravi49@gmail.com,8220197589,Platinum,2023-06-03,P290,Table Lamp,Home Decor,1200,-2,,,0,2400,0.0,2400.0,7,6,43
T2130,2024-02-04 07:42:11,S06,HCL Mart Ahmedabad,Ahmedabad,West,C035,Ravi,ravi45_at_gmail.com,7270670545,Platinum,2022-10-25,P209,Socks Pack,Apparel,399,5,,,0,1995,0.0,1995.0,2,6,467
T1993,2023-12-28 14:54:00,S04,HCL Mart Chandigarh,Mumbai,North,C135,John,john78@gmail.com,8467939483,Gold,2022-03-17,P499,Jeans,Apparel,1999,1,,,0,1999,0.0,1999.0,12,3,651
T7023,2024-05-07 00:00:00,S04,HCL Mart Bangalore,Bangalore,South,C012,Anil,anil57_at_gmail.com,9247783225,Platinum,2024-02-10,P243,Atta 5kg,Grocery,350,2,,,0,700,0.0,700.0,5,1,87
T4689,2024-12-02 09:49:07,S16,HCL Mart Mumbai,Mumbai,North,C074,Vikram,vikram43@gmail.com,8616615876,Silver,2022-09-17,P165,Socks Pack,Apparel,399,4,,,0,1596,0.0,1596.0,12,0,807
T4444,2023-06-15 14:51:13,S01,HCL Mart Pune,Pune,West,C004,Ravi,ravi19@gmail.com,8715999022,Bronze,2022-03-25,P384,Table Lamp,Home Decor,-1200,2,,,0,2400,0.0,2400.0,6,3,447
T4095,2023-10-29 11:32:20,S19,HCL Mart Chandigarh,Chandigarh,North,C018,Ravi,ravi97_at_gmail.com,8087206927,Silver,2022-04-26,P304,iPhone Charger,Electronics,999,4,,,0,3996,0.0,3996.0,10,6,551
T6794,2024-03-28 02:30:29,S13,HCL Mart Ahmedabad,Mumbai,North,C077,Sara,sara53@gmail.com,9171473683,Gold,2022-06-16,P448,Atta 5kg,Grocery,350,5,PR11,Holiday Joy,18,1750,315.0,1435.0,3,3,651
,2024-12-05 00:00:00,S04,HCL Mart Pune,Pune,West,C040,Aman,aman77@gmail.com,9320525812,Silver,2024-09-14,P250,iPhone Charger,Electronics,999,4,PR14,Mid-Week Treats,8,3996,319.68,3676.32,12,3,82
T7264,,S08,HCL Mart Pune,Pune,West,C192,Ravi,ravi82@gmail.com,8063654335,Bronze,2021-04-04,P210,Wall Clock,Home Decor,899,5,,,0,4495,0.0,4495.0,7,3,1201
T4999,2024-03-06 11:20:01,S18,HCL Mart Mumbai,Mumbai,West,C073,Sita,sita54@gmail.com,8347282011,Platinum,2023-04-09,,Wireless Mouse,Electronics,1200,3,,,0,3600,0.0,3600.0,3,2,332
T1915,2023-07-05 18:24:00,S08,HCL Mart Guwahati,Guwahati,East,C187,Priya,priya13_at_gmail.com,9328962819,Silver,2021-08-11,P114,Wall Clock,Home Decor,899,1,,,0,899,0.0,899.0,7,2,693
T5420,2023-01-02 06:11:48,S08,HCL Mart Hyderabad,Hyderabad,South,C082,John,john43@gmail.com,8709127612,Platinum,2021-05-19,P285,Wall Clock,Home Decor,899,-4,,,0,3596,0.0,3596.0,1,0,593
T4335,2023-01-01 10:00:00,S09,HCL Mart Lucknow,Lucknow,North,C055,Sara,sara61@gmail.com,9582665988,Gold,2024-01-01,P269,T-Shirt,Apparel,799,3,PR10,Member Exclusive,12,2397,287.64,2109.36,6,6,112
T7450,2024-08-06 15:29:52,S16,HCL Mart Kolkata,Kolkata,East,C058,Sara,sara22@gmail.com,8560789747,Silver,2024-03-07,P174,Hoodie,Apparel,-1499,5,PR03,Electronics Bonanza,15,7495,1124.25,6370.75,8,1,152
T4349,2024-08-19 12:27:51,S20,HCL Mart Lucknow,Lucknow,North,C198,Aman,aman99@gmail.com,7741487360,Bronze,2021-07-14,P444,iPhone Charger,Electronics,999,2,,,0,2241,0.0,1998.0,8,0,1132
T1055,2023-01-01 10:00:00,S06,HCL Mart Chennai,Chennai,South,C024,Vikram,vikram84@gmail.com,8847701299,Bronze,2024-01-01,P321,Sugar 1kg,Grocery,50,2,,,0,100,0.0,100.0,11,6,758
T3254,2023-01-01 10:00:00,S15,HCL Mart Chandigarh,Chandigarh,North,C165,Anil,anil57@gmail.com,9849918354,Platinum,2024-01-01,P412,Sugar 1kg,Grocery,50,1,PR12,Spring Collection Launch,7,50,3.5,46.5,12,1,831
T1344,2024-10-22 20:30:00,S01,HCL Mart Bhubaneswar,Bhubaneswar,East,C117,Sita,sita79_at_gmail.com,8271030843,Bronze,2023-12-27,P244,USB-C Cable,Electronics,500,1,,,0,500,0.0,500.0,10,1,300
T5311,2023-01-01 10:00:00,S19,HCL Mart Delhi,Delhi,North,C120,Anil,anil80@gmail.com,7655868168,Bronze,2024-01-01,P111,USB-C Cable,Electronics,500,1,PR02,Apparel Fest,20,500,100.0,400.0,8,4,222
,2024-11-27 20:32:58,S20,HCL Mart Chennai,Chennai,South,C064,Sita,sita91@gmail.com,8341131100,Bronze,2023-05-08,P116,iPhone Charger,Electronics,999,4,,,0,3996,0.0,3996.0,11,2,569
T2747,2023-01-01 10:00:00,S11,HCL Mart Mumbai,Mumbai,West,C155,Ravi,ravi30@gmail.com,9138101547,Bronze,2024-01-01,P147,Jeans,Apparel,1999,2,,,0,3998,0.0,3998.0,12,4,931
T4310,2024-07-09 10:40:18,S09,HCL Mart Chandigarh,Mumbai,North,C108,Priya,priya59@gmail.com,9093432892,Bronze,2023-01-11,P467,Sugar 1kg,Grocery,50,2,PR07,Black Friday,30,100,30.0,70.0,7,1,545
T5945,2023-10-10 08:08:46,S10,HCL Mart Hyderabad,Hyderabad,South,C068,Sara,sara76_at_gmail.com,9569400273,Silver,2021-11-28,P107,Jeans,Apparel,1999,5,,,0,9995,0.0,9995.0,10,1,681
T4030,2023-05-19 13:33:57,S01,HCL Mart Mumbai,Mumbai,West,C129,Priya,priya66@gmail.com,7372021980,Silver,2020-10-22,,Jeans,Apparel,1999,4,PR09,Weekend Blast,5,7996,399.8,7596.2,5,4,939
T5507,2024-12-17 23:57:32,S06,HCL Mart Bhubaneswar,Bhubaneswar,East,C173,Priya,priya52@gmail.com,8390604558,Gold,2024-02-08,P390,Jeans,Apparel,1999,3,PR01,New Year Sale,10,6161,599.7,5397.3,12,1,313
T5509,2023-12-01 12:42:54,S07,HCL Mart Delhi,Delhi,North,C084,Sara,sara41@gmail.com,7469225421,Platinum,2020-10-22,P117,Wall Clock,Home Decor,899,1,,,0,-899,0.0,899.0,12,4,1135
T1916,2023-09-17 15:22:00,S19,HCL Mart Kolkata,Kolkata,East,C061,Anil,anil94@gmail.com,9475835629,Platinum,2022-06-18,P140,Cushion Cover,Home Decor,299,2,,,0,1080,0.0,598.0,9,6,456
T1984,2023-02-18 09:18:00,S07,HCL Mart Kolkata,Kolkata,East,C048,John,john64_at_gmail.com,8573546962,Gold,2022-11-04,P358,Table Lamp,Home Decor,1200,2,,,0,2400,0.0,2400.0,2,5,106
T7295,2023-01-01 10:00:00,S12,HCL Mart Bangalore,Bangalore,South,C099,Ravi,ravi42@gmail.com,9797701388,Gold,2024-01-01,P158,T-Shirt,Apparel,799,2,,,0,1598,0.0,1598.0,4,5,1049
T5044,2024-04-02 04:08:12,S04,HCL Mart Kolkata,Kolkata,East,C147,Anil,anil67@gmail.com,8195965390,Platinum,2022-07-17,P321,Rice Bag 5kg,Grocery,450,3,PR07,Black Friday,30,1772,405.0,945.0,4,1,625
T3176,2023-03-21 13:01:46,S15,HCL Mart Mumbai,Mumbai,North,C128,Sara,sara94@gmail.com,7751830967,Platinum,2022-03-12,P330,iPhone Charger,Electronics,999,1,,,0,999,0.0,999.0,3,1,374
T6736,2023-03-01 04:58:09,S01,HCL Mart Bangalore,Bangalore,South,C059,Priya,priya98_at_gmail.com,7996028423,Bronze,2023-01-09,P270,Hoodie,Apparel,1499,2,PR02,Apparel Fest,20,2998,599.6,2398.4,3,2,51
T7478,2023-10-12 19:49:08,S03,HCL Mart Ahmedabad,Ahmedabad,West,C092,Vikram,vikram52@gmail.com,8355504877,Platinum,2021-09-15,P119,iPhone Charger,Electronics,999,-1,,,0,999,0.0,999.0,10,3,757
T1484,2023-07-08 09:16:00,S06,HCL Mart Mumbai,Mumbai,West,C123,Anil,anil50_at_gmail.com,8442360049,Gold,2023-01-21,P481,Rice Bag 5kg,Grocery,450,5,,,0,2250,0.0,2250.0,7,5,168
T6322,2024-03-27 18:21:01,S19,HCL Mart Chennai,Mumbai,North,C059,Priya,priya98@gmail.com,7996028423,Bronze,2023-01-09,P135,Power Bank,Electronics,1500,3,,,0,4500,0.0,4500.0,3,2,443
,2024-06-29 06:08:09,S02,HCL Mart Pune,Pune,West,C072,Priya,priya91@gmail.com,7317109584,Silver,2022-09-30,P213,Hoodie,Apparel,1499,3,,,0,4497,0.0,4497.0,6,5,638
T4984,2024-04-05 17:37:34,S14,HCL Mart Guwahati,Guwahati,East,C158,Vikram,vikram40@gmail.com,7212707222,Silver,2022-01-05,P401,Hoodie,Apparel,1499,1,,,0,1988,0.0,1499.0,4,4,821
T6527,2023-01-01 10:00:00,S13,HCL Mart Hyderabad,Hyderabad,South,C097,Vikram,vikram91@gmail.com,7346486252,Platinum,2024-01-01,P315,Rice Bag 5kg,Grocery,450,4,,,0,1800,0.0,1800.0,4,4,729
,2024-08-29 00:00:00,S03,HCL Mart Delhi,Delhi,North,C162,Anil,anil35@gmail.com,7978216817,Silver,2023-12-07,P200,Hoodie,Apparel,1499,4,,,0,5996,0.0,5996.0,8,3,266
T1251,2023-03-06 21:51:00,S19,HCL Mart Chandigarh,Chandigarh,North,C045,Ravi,ravi98@gmail.com,9249952519,Platinum,2021-08-07,P405,Wall Clock,Home Decor,899,3,,,0,3029,0.0,2697.0,3,0,576
T6803,2024-03-13 20:59:01,S08,HCL Mart Chennai,Mumbai,North,C027,Ravi,ravi14@gmail.com,7184431531,Platinum,2021-12-12,P230,Cooking Oil 1L,Grocery,180,4,,,0,720,0.0,720.0,3,2,822
T3880,2023-07-12 23:16:35,S15,HCL Mart Pune,Pune,West,C052,Sita,sita23_at_gmail.com,8797314277,Bronze,2021-04-17,P202,T-Shirt,Apparel,799,3,,,0,2397,0.0,2397.0,7,2,816
,2024-04-11 00:08:18,S10,HCL Mart Chandigarh,Chandigarh,North,C066,Priya,priya67@gmail.com,9558301573,Silver,2021-09-14,P135,Cooking Oil 1L,Grocery,180,1,PR05,Summer Clearance,25,180,45.0,135.0,4,3,940
T5321,2023-01-23 20:38:13,S15,HCL Mart Lucknow,Mumbai,North,C022,Aman,aman23@gmail.com,9172546500,Gold,2023-01-23,P165,Socks Pack,Apparel,399,3,,,0,1197,0.0,1197.0,1,0,0
T6570,2024-09-01 00:00:00,S15,HCL Mart Kolkata,Kolkata,East,C090,Sara,sara40@gmail.com,8803004543,Silver,2023-09-22,P447,Jeans,Apparel,1999,3,,,0,6328,0.0,5997.0,9,6,345
T6103,,S12,HCL Mart Kolkata,Kolkata,East,C157,Sara,sara92@gmail.com,9358024665,Gold,2023-02-19,P348,Socks Pack,Apparel,399,1,,,0,399,0.0,399.0,5,3,74
T6236,2023-01-01 10:00:00,S16,HCL Mart Ahmedabad,Ahmedabad,West,C200,Vikram,vikram35@gmail.com,7781351753,Silver,2024-01-01,P353,Sugar 1kg,Grocery,50,4,PR07,Black Friday,30,200,60.0,140.0,4,4,384
T5855,2023-08-23 19:19:08,S02,HCL Mart Bhubaneswar,Bhubaneswar,East,C144,Vikram,vikram23@gmail.com,9716642828,Bronze,2022-07-30,P208,Sugar 1kg,Grocery,50,-2,,,0,100,0.0,100.0,8,2,389
T3187,2023-12-08 09:49:20,S14,HCL Mart Lucknow,Mumbai,North,C019,Priya,priya49@gmail.com,9493575087,Gold,2023-04-28,P131,Socks Pack,Apparel,399,2,,,0,798,0.0,798.0,12,4,224
T5596,2024-01-29 00:00:00,S13,HCL Mart Ahmedabad,Ahmedabad,West,C110,John,john40@gmail.com,9273600602,Silver,2023-08-29,P460,Socks Pack,Apparel,399,3,,,0,-1197,0.0,1197.0,1,0,153
T5420,2023-01-02 06:11:48,S08,HCL Mart Hyderabad,Hyderabad,South,C082,John,john43_at_gmail.com,8709127612,Platinum,2021-05-19,P285,Wall Clock,Home Decor,899,4,,,0,3596,0.0,3596.0,1,0,593
T4601,2023-01-01 10:00:00,S13,HCL Mart Bangalore,Bangalore,South,C169,John,john81@gmail.com,9070271162,Gold,2024-01-01,P266,Cooking Oil 1L,Grocery,180,5,,,0,900,0.0,900.0,10,3,590
T5026,2023-01-01 10:00:00,S12,HCL Mart Guwahati,Guwahati,East,C055,Priya,priya88@gmail.com,7862736320,Gold,2024-01-01,P350,Jeans,Apparel,1999,5,,,0,9995,0.0,9995.0,1,1,119
T2636,2023-01-01 10:00:00,S11,HCL Mart Delhi,Delhi,North,C061,Aman,aman32@gmail.com,7469271742,Silver,2024-01-01,P307,USB-C Cable,Electronics,500,2,PR13,End of Season Sale,40,1000,400.0,600.0,3,3,928
T7409,2023-01-01 10:00:00,S19,HCL Mart Hyderabad,Hyderabad,South,C186,Sara,sara52@gmail.com,7360939398,Gold,2024-01-01,P337,T-Shirt,Apparel,799,4,,,0,3196,0.0,3196.0,9,4,614
T1302,2023-07-25 19:45:00,S15,HCL Mart Lucknow,Lucknow,North,C027,Aman,aman56@gmail.com,8283544151,Bronze,2023-04-16,P161,Socks Pack,Apparel,399,-2,PR03,Electronics Bonanza,15,798,119.7,678.3,7,1,100
T2613,,S18,HCL Mart Delhi,Delhi,North,C068,Vikram,vikram85@gmail.com,8338721376,Gold,2023-10-14,P254,Rice Bag 5kg,Grocery,450,5,PR09,Weekend Blast,5,2250,112.5,2137.5,8,2,319
T5273,2024-09-05 21:12:27,S13,HCL Mart Chandigarh,Chandigarh,North,C112,Priya,priya44@gmail.com,8752394263,Bronze,2023-03-08,P364,Wireless Mouse,Electronics,1200,3,,,0,-3600,0.0,3600.0,9,3,547
T4960,2024-11-07 22:47:22,S06,HCL Mart Kolkata,Mumbai,North,C002,Anil,anil18@gmail.com,8239367275,Platinum,2023-01-01,P129,Power Bank,Electronics,1500,3,,,0,4500,0.0,4500.0,11,3,676
T2761,2023-01-01 10:00:00,S11,HCL Mart Bangalore,Bangalore,South,C184,John,john44@gmail.com,8722727196,Bronze,2024-01-01,P402,Cushion Cover,Home Decor,299,3,PR10,Member Exclusive,12,897,107.64,789.36,8,1,338
T1577,2024-11-14 21:06:00,S14,HCL Mart Pune,Pune,West,C072,Priya,priya46@gmail.com,9826793985,Platinum,2023-08-01,P176,Table Lamp,Home Decor,1200,3,,,0,3789,0.0,3600.0,11,3,471
T6694,2024-06-16 03:22:13,S11,HCL Mart Lucknow,Lucknow,North,C077,Sara,sara70@gmail.com,8980450228,Platinum,2023-05-20,,Hoodie,Apparel,1499,2,,,0,2998,0.0,2998.0,6,6,393
T3964,2024-11-26 20:19:40,S17,HCL Mart Bhubaneswar,Bhubaneswar,East,C126,John,john81@gmail.com,7150997808,Bronze,2023-07-13,P434,Jeans,Apparel,1999,4,,,0,8327,0.0,7996.0,11,1,502
T3588,2023-06-27 21:19:18,S20,HCL Mart Chennai,Mumbai,North,C105,Sara,sara15@gmail.com,9011696993,Bronze,2021-06-08,P175,Atta 5kg,Grocery,350,2,PR13,End of Season Sale,40,700,280.0,420.0,6,1,749
T2170,2023-06-09 14:39:52,S20,HCL Mart Delhi,Delhi,North,C105,Anil,anil64@gmail.com,8745458146,Platinum,2022-05-08,P360,Atta 5kg,Grocery,350,-5,PR01,New Year Sale,10,1750,175.0,1575.0,6,4,397
T6363,2024-06-14 03:56:23,S11,HCL Mart Ahmedabad,Mumbai,North,C095,Priya,priya83@gmail.com,9387968228,Bronze,2021-05-27,P277,Rice Bag 5kg,Grocery,450,4,,,0,1800,0.0,1800.0,6,4,1114
T3010,2024-07-19 07:58:00,S14,HCL Mart Mumbai,Mumbai,North,C090,Sara,sara40@gmail.com,8803004543,Silver,2023-09-22,P402,Rice Bag 5kg,Grocery,450,2,PR07,Black Friday,30,900,270.0,630.0,7,4,301
T3625,2023-01-26 23:54:35,S03,HCL Mart Guwahati,Guwahati,East,C115,John,john47@gmail.com,8653267929,Gold,2021-10-03,P304,USB-C Cable,Electronics,500,2,PR04,Flash Sale,5,1286,50.0,950.0,1,3,480
,2024-06-18 11:21:17,S09,HCL Mart Kolkata,Kolkata,East,C169,Vikram,vikram49@gmail.com,8034177941,Gold,2024-04-10,P461,Table Lamp,Home Decor,1200,5,,,0,6000,0.0,6000.0,6,1,69
T5024,2023-08-09 10:59:22,S17,HCL Mart Delhi,Delhi,North,C130,Sara,sara14@gmail.com,7094861641,Platinum,2022-08-03,P121,Wireless Mouse,Electronics,1200,5,,,0,6310,0.0,6000.0,8,2,371
T2560,2024-03-23 04:00:29,S05,HCL Mart Bhubaneswar,Bhubaneswar,East,C105,Sara,sara55@gmail.com,8275675629,Gold,2023-01-16,P252,Wireless Mouse,Electronics,1200,-1,,,0,1200,0.0,1200.0,3,5,432
T6743,2024-08-06 11:57:08,S01,HCL Mart Pune,Pune,West,C134,Ravi,ravi37_at_gmail.com,9649654059,Bronze,2023-06-07,P448,Atta 5kg,Grocery,350,5,,,0,1750,0.0,1750.0,8,1,426
,2024-03-26 00:00:00,S13,HCL Mart Kolkata,Kolkata,East,C016,John,john50@gmail.com,7954726696,Bronze,2023-04-22,P340,T-Shirt,Apparel,799,5,,,0,3995,0.0,3995.0,3,1,339
T1565,2023-01-01 10:00:00,S01,HCL Mart Bangalore,Bangalore,South,C031,Aman,aman26@gmail.com,8965650706,Silver,2024-01-01,P441,Sugar 1kg,Grocery,50,5,,,0,250,0.0,250.0,6,5,276
T5741,2023-01-15 12:55:13,S14,HCL Mart Bangalore,Mumbai,North,C176,Vikram,vikram51@gmail.com,9277855416,Silver,2021-08-10,P137,Cushion Cover,Home Decor,299,3,,,0,897,0.0,897.0,1,6,523
T4977,2024-09-30 00:00:00,S18,HCL Mart Mumbai,Mumbai,West,C197,Anil,anil69_at_gmail.com,7884514222,Platinum,2024-09-01,P324,Power Bank,Electronics,1500,5,,,0,7500,0.0,7500.0,9,0,29
T1065,2023-02-12 09:01:00,S15,HCL Mart Bangalore,Bangalore,South,C084,Aman,aman33@gmail.com,7466435203,Silver,2022-10-07,P104,Sugar 1kg,Grocery,50,4,,,0,648,0.0,200.0,2,6,128
T6064,,S12,HCL Mart Hyderabad,Hyderabad,South,C102,John,john91@gmail.com,7070077630,Gold,2024-01-23,P167,Hoodie,Apparel,1499,1,PR06,Back to School,10,1499,149.9,1349.1,6,0,132
T5305,,S15,HCL Mart Guwahati,Guwahati,East,C133,Ravi,ravi31@gmail.com,8144162534,Bronze,2023-05-25,P233,Wireless Mouse,Electronics,1200,3,PR15,Anniversary Discount,22,3600,792.0,2808.0,10,1,145
